SpineBase,,,SpineMid,,,Neck,,,Head,,,ShoulderLeft,,,ElbowLeft,,,WristLeft,,,HandLeft,,,ShoulderRight,,,ElbowRight,,,WristRight,,,HandRight,,,HipLeft,,,KneeLeft,,,AnkleLeft,,,FootLeft,,,HipRight,,,KneeRight,,,AnkleRight,,,FootRight,,,SpineShoulder,,,HandTipLeft,,,ThumbLeft,,,HandTipRight,,,ThumbRight,,,
X,Y,Z,X,Y,Z,X,Y,Z,X,Y,Z,X,Y,Z,X,Y,Z,X,Y,Z,X,Y,Z,X,Y,Z,X,Y,Z,X,Y,Z,X,Y,Z,X,Y,Z,X,Y,Z,X,Y,Z,X,Y,Z,X,Y,Z,X,Y,Z,X,Y,Z,X,Y,Z,X,Y,Z,X,Y,Z,X,Y,Z,X,Y,Z,X,Y,Z,
-0.07889154,0.3012632,2.733578,0.04973714,0.5290003,2.572771,0.1749264,0.7500187,2.400424,0.3007705,0.8234267,2.378851,0.0003089702,0.681246,2.342804,-0.001749648,0.38081,2.369045,0.1272235,0.1823989,2.502596,0.1605789,0.1470303,2.552244,0.1780888,0.6676766,2.636517,0.2178221,0.4887609,2.822352,0.3353068,0.3231984,2.93683,0.3684553,0.2845888,2.977103,-0.1112456,0.2853545,2.642023,-0.2453987,-0.03674007,2.844158,-0.3118215,-0.3285597,3.070695,-0.2866591,-0.4377976,3.009308,-0.03908861,0.3100258,2.764262,-0.01613258,-0.01192613,2.912257,0.01420506,-0.3347371,3.09351,0.1037294,-0.414831,3.094519,0.1445263,0.6958025,2.445627,0.202313,0.09948413,2.632195,0.192783,0.1614399,2.541065,0.408431,0.2259253,3.009537,0.3875291,0.2952696,2.927334,
-0.05727903,0.289113,2.739247,0.071134,0.518312,2.580998,0.1972227,0.739715,2.412121,0.3219701,0.8134446,2.388551,0.0229021,0.6698533,2.351676,0.03565213,0.3709406,2.377702,0.143348,0.1946055,2.487369,0.1861491,0.1590025,2.53805,0.1932409,0.6490142,2.628298,0.2242198,0.4744926,2.828969,0.3419068,0.3104944,2.945119,0.3699619,0.2540724,2.992952,-0.09554815,0.2688613,2.622938,-0.2397954,-0.05036286,2.838238,-0.3118938,-0.3282171,3.072478,-0.2881595,-0.4361737,3.009822,-0.004431314,0.2969773,2.797559,-0.003409097,-0.02819736,2.913296,0.0170675,-0.3349137,3.091557,0.1057538,-0.4159113,3.092439,0.1659876,0.6856812,2.456203,0.2556064,0.105126,2.62395,0.2347387,0.1622378,2.551188,0.4088307,0.1999929,3.018768,0.3910471,0.2687063,2.9435,
-0.05077508,0.2761497,2.750914,0.08720669,0.5063743,2.593855,0.2261815,0.7287433,2.426912,0.3547978,0.7969211,2.404957,0.0520394,0.6508183,2.364635,0.0741967,0.3495184,2.397972,0.2141486,0.1657527,2.531855,0.2537756,0.1335387,2.579229,0.2185896,0.6358758,2.636149,0.2451463,0.4292839,2.855306,0.3692821,0.2729839,2.974362,0.3793918,0.2124211,3.018935,-0.08631317,0.2622864,2.654307,-0.232023,-0.05629415,2.834342,-0.3110319,-0.329927,3.072044,-0.2896368,-0.4340634,3.013232,-0.006364491,0.2791534,2.791401,0.01519688,-0.03901655,2.91876,0.02042535,-0.3519254,3.101222,0.1087953,-0.4197313,3.091459,0.1916168,0.6742826,2.470657,0.3031345,0.091766,2.655375,0.2901565,0.1413129,2.57575,0.4042443,0.1727926,3.025444,0.4078118,0.2196896,2.970643,
-0.04323336,0.2676466,2.75444,0.1053498,0.4939753,2.59904,0.2531979,0.7135237,2.432558,0.3790295,0.788859,2.410905,0.07355658,0.6378542,2.370434,0.1156498,0.3374144,2.401984,0.2411122,0.1588706,2.534747,0.2948395,0.1269803,2.58631,0.2482003,0.6185279,2.641414,0.2509759,0.4322859,2.848533,0.3578403,0.2643043,2.968674,0.385731,0.2131388,2.984467,-0.07899731,0.2610642,2.664245,-0.2077124,-0.06019407,2.820687,-0.3092289,-0.3321476,3.069372,-0.2907289,-0.4330034,3.012603,-0.0004082769,0.2596095,2.779355,0.02665318,-0.04894557,2.922147,0.02126479,-0.3609347,3.105968,0.1098861,-0.4208654,3.09038,0.2167047,0.6597461,2.476245,0.3558118,0.09753614,2.647454,0.3119558,0.1533422,2.562429,0.397353,0.1872309,2.998108,0.4112223,0.1863801,2.9466,
-0.02712756,0.2638768,2.757188,0.1295823,0.4856884,2.604061,0.2828992,0.6995687,2.440176,0.4202229,0.7629359,2.429722,0.1177454,0.6186478,2.374676,0.1583518,0.3334835,2.411355,0.2668548,0.1611492,2.535438,0.3331017,0.1212219,2.601375,0.2760184,0.6054385,2.648447,0.287738,0.4020922,2.868982,0.3765068,0.2260646,2.991944,0.4418451,0.1423849,3.035561,-0.05484561,0.2614575,2.689455,-0.2021383,-0.06614791,2.818802,-0.309076,-0.3329204,3.06376,-0.2910543,-0.4326185,3.012513,0.01295524,0.2560256,2.764137,0.03159678,-0.04456282,2.920282,0.02154855,-0.3566685,3.103785,0.122323,-0.4285884,3.087432,0.2451205,0.6473511,2.483136,0.4006837,0.07544246,2.681432,0.3651722,0.1340902,2.591042,0.4533099,0.1167153,3.049206,0.4669804,0.1161658,2.997711,
-0.02136628,0.2619569,2.753186,0.1412708,0.4798777,2.603862,0.304375,0.6873525,2.446984,0.431649,0.7623727,2.426404,0.1309046,0.6082227,2.378181,0.2039588,0.3106411,2.425723,0.3097219,0.1464421,2.5513,0.3806952,0.1067244,2.619859,0.2983612,0.592782,2.655486,0.3006558,0.3943861,2.87333,0.3975818,0.2192967,2.99167,0.4165679,0.1560296,2.898316,-0.05278742,0.2608224,2.687261,-0.2035045,-0.1151456,2.843359,-0.3169514,-0.3566709,3.083651,-0.2906312,-0.4343588,3.009347,0.01757538,0.2542995,2.755048,0.031967,-0.04134344,2.918669,0.02178335,-0.3538211,3.101611,0.1188247,-0.4258304,3.087083,0.263888,0.6369134,2.487812,0.4389607,0.06284713,2.678006,0.4002077,0.1307518,2.604467,0.4280523,0.1302882,2.911963,0.4417436,0.1296583,2.860468,
-0.03781487,0.2203857,2.776142,0.1499892,0.4563705,2.61789,0.3318757,0.6734728,2.45539,0.4595197,0.7462837,2.433004,0.1529281,0.5966482,2.387062,0.2390098,0.2898129,2.44739,0.3563154,0.1333948,2.572165,0.4125953,0.09792484,2.633729,0.3253412,0.5792053,2.663728,0.3305355,0.3790153,2.882688,0.4220795,0.2022911,3.002574,0.3577739,0.1337933,2.998037,-0.07781982,0.2232534,2.706435,-0.2031316,-0.1166463,2.843704,-0.3177575,-0.3589298,3.082741,-0.290975,-0.4358665,3.007281,0.003449835,0.2125018,2.777144,0.04000519,-0.07666563,2.945924,0.02308759,-0.3908396,3.125373,0.1083038,-0.4261151,3.089581,0.2861092,0.6208348,2.497687,0.4821964,0.04481625,2.699177,0.4477091,0.09972982,2.6255,0.3694878,0.1081424,3.01165,0.3858212,0.1385127,2.991224,
-0.05190137,0.2291521,2.769786,0.1496489,0.4561622,2.618083,0.3389951,0.670339,2.458683,0.4687412,0.737805,2.435534,0.1818832,0.5981257,2.391106,0.2441138,0.3643745,2.400581,0.3835733,0.1418109,2.576542,0.4355408,0.08988199,2.641663,0.3325695,0.5760285,2.667065,0.3367347,0.3763021,2.885657,0.4296167,0.2000795,3.005221,0.4600546,0.1288266,2.920938,-0.1089571,0.2289259,2.628493,-0.1910461,-0.1162905,2.837459,-0.3177027,-0.3539693,3.075131,-0.2977873,-0.4377449,3.01164,-0.01344824,0.2360182,2.833534,0.07281762,-0.08210326,2.937457,0.03844228,-0.394995,3.116693,0.1220878,-0.433149,3.085608,0.2903936,0.6186262,2.499927,0.5067158,0.03003486,2.700425,0.4602013,0.09532706,2.616734,0.4714082,0.1031806,2.934599,0.4872786,0.1335625,2.914238,
-0.05268838,0.2286115,2.766847,0.1521777,0.4522431,2.61844,0.3568958,0.6582835,2.465817,0.4831006,0.7316461,2.441118,0.1986104,0.5954368,2.396488,0.256354,0.3609453,2.409265,0.3796001,0.1565644,2.561178,0.4289361,0.1076508,2.625591,0.3504525,0.5640001,2.674189,0.3541443,0.3645673,2.892708,0.4473529,0.1884153,3.011999,0.4750091,0.1165748,2.927266,-0.1058239,0.2280275,2.623761,-0.196443,-0.1333576,2.847422,-0.3270003,-0.368611,3.085257,-0.295741,-0.4427301,3.007431,-0.01225005,0.2320657,2.83335,0.07349151,-0.08522147,2.939218,0.04022244,-0.3983718,3.118199,0.1252096,-0.433736,3.084977,0.3052288,0.607923,2.505391,0.4931568,0.03808769,2.691463,0.4367839,0.135902,2.582278,0.4863175,0.09097046,2.940931,0.5021306,0.1214051,2.920578,
-0.04441012,0.2210462,2.757502,0.1660658,0.4411522,2.616395,0.3721949,0.6507466,2.467869,0.5019867,0.7156646,2.442307,0.2094181,0.5900279,2.40031,0.3120955,0.2921826,2.472823,0.4141326,0.1193617,2.590016,0.459763,0.08024504,2.657415,0.3656906,0.5564987,2.676231,0.2866368,0.3125814,2.861132,0.3785166,0.1008394,2.994684,0.4095014,0.03069978,3.042903,-0.08795315,0.2180824,2.607039,-0.2007477,-0.1478291,2.856544,-0.3359266,-0.3844869,3.090523,-0.2939234,-0.4440058,2.999641,-0.0006516128,0.2186951,2.831142,0.07896784,-0.09689994,2.943326,0.04090426,-0.4083531,3.124059,0.1293075,-0.433558,3.080833,0.3214271,0.5992235,2.506827,0.5241235,0.01359874,2.723847,0.4581544,0.1224555,2.59635,0.4210681,0.005384238,3.056521,0.4372157,0.03618049,3.036111,
-0.03805151,0.2141282,2.753606,0.1772021,0.4306436,2.615985,0.3880902,0.6385372,2.470048,0.5112975,0.7145975,2.442349,0.2170083,0.5820597,2.403064,0.3201973,0.2866851,2.482439,0.4584503,0.1412876,2.598835,0.4650306,0.07461192,2.664393,0.3815334,0.5443317,2.678398,0.3094358,0.298258,2.863161,0.3786075,0.1006441,2.993967,0.3229486,0.08393922,2.97941,-0.08447897,0.2145855,2.605706,-0.1957463,-0.146841,2.85334,-0.3360175,-0.3844611,3.083579,-0.2934579,-0.4480494,2.997936,0.008962526,0.2081129,2.82843,0.08780982,-0.1051207,2.945288,0.04191966,-0.4146468,3.127352,0.1316157,-0.4321305,3.077977,0.336042,0.5876253,2.508409,0.5220785,0.006311412,2.729268,0.467153,0.1146511,2.603188,0.3223078,0.08376077,2.973496,0.3512327,0.08902007,2.972557,
-0.03439139,0.211801,2.750763,0.1828637,0.42779,2.615488,0.3960378,0.6355654,2.471366,0.5236069,0.7044978,2.444617,0.2297687,0.5797866,2.405604,0.3254497,0.2827135,2.487475,0.462869,0.1356596,2.60286,0.4638803,0.07408656,2.668477,0.3894547,0.5413733,2.679715,0.3119009,0.2968113,2.864333,0.3789098,0.1003142,2.99363,0.322725,0.07980795,2.977328,-0.0812109,0.2134509,2.605429,-0.13125,-0.08324079,2.788753,-0.3180477,-0.351024,3.048238,-0.3034924,-0.4406699,3.012476,0.01283953,0.2044427,2.823836,0.0910231,-0.1070237,2.944284,0.04440321,-0.4166535,3.126006,0.1342927,-0.4331409,3.076573,0.3434823,0.5846726,2.509284,0.5202407,0.01042545,2.734721,0.4689138,0.118652,2.605818,0.3205817,0.06707264,2.957498,0.3199457,0.07505782,2.951667,
-0.02384008,0.2085159,2.749234,0.1938592,0.4226403,2.615717,0.4060964,0.6294311,2.472284,0.5311047,0.7033581,2.445196,0.232377,0.5781185,2.408611,0.3292683,0.2814759,2.49047,0.4674819,0.08843753,2.648818,0.4755831,0.04762049,2.70575,0.399479,0.5352612,2.680629,0.3079609,0.2959066,2.865707,0.3811672,0.09726028,2.992268,0.4059585,0.03145983,3.038161,-0.07076137,0.2117937,2.609994,-0.1163356,-0.09264647,2.793442,-0.3191979,-0.3548644,3.048935,-0.3038546,-0.4442738,3.010736,0.02575905,0.1988634,2.81687,0.09601207,-0.1100704,2.94527,0.04417004,-0.4176975,3.128811,0.1336543,-0.4325227,3.075515,0.3538721,0.5787729,2.510101,0.5538895,-0.02084999,2.776998,0.4772899,0.0972312,2.6356,0.403578,0.01888286,3.018356,0.4026303,0.0270735,3.012559,
-0.00805638,0.206655,2.748982,0.2065488,0.4174587,2.614667,0.4166209,0.6211249,2.469769,0.5378426,0.7000106,2.440956,0.2384933,0.5741557,2.408413,0.3338906,0.2759979,2.487108,0.4620373,0.1016501,2.632869,0.4657401,0.05597483,2.694296,0.4099647,0.526978,2.67811,0.3063781,0.2937689,2.864559,0.369378,0.09635853,2.971325,0.3907676,0.0309628,3.010621,-0.03782111,0.221565,2.665004,-0.1858222,-0.1752822,2.860437,-0.3494615,-0.3961733,3.091665,-0.2947468,-0.4408574,2.996377,0.04719296,0.1836274,2.763968,0.09223907,-0.09222364,2.947319,0.0380194,-0.3985461,3.132378,0.1206115,-0.4328256,3.076897,0.3648712,0.571316,2.508007,0.550113,-0.008108919,2.757998,0.4677461,0.09971687,2.624934,0.3884228,0.01838595,2.990812,0.3875221,0.02657791,2.985009,
-0.004524317,0.2059904,2.747495,0.2115172,0.4157284,2.613174,0.4225645,0.6183004,2.468193,0.5452384,0.691477,2.436798,0.2438312,0.5724854,2.407648,0.3378503,0.2733362,2.484612,0.4466693,0.09165997,2.644676,0.4816447,0.03796444,2.716717,0.4158867,0.524161,2.676535,0.3136699,0.2898718,2.862448,0.3655591,0.09304588,2.975431,0.3832563,0.02784124,3.0168,-0.03806629,0.2210712,2.662452,-0.1726708,-0.171277,2.849078,-0.3429269,-0.3866361,3.080782,-0.2958246,-0.4459778,2.993412,0.0472273,0.1836373,2.763989,0.09672604,-0.09426752,2.943912,0.02938026,-0.3409538,3.085384,0.1055466,-0.4248041,3.0786,0.3706381,0.5687486,2.506447,0.5659795,-0.01725824,2.811994,0.5238557,0.02718483,2.721334,0.3809374,0.01527449,2.996987,0.3800706,0.02347954,2.99118,
-0.0006664281,0.2037097,2.741651,0.215749,0.4124298,2.606857,0.4268144,0.6140879,2.461169,0.5537611,0.6812494,2.431459,0.2503719,0.5702574,2.404812,0.3417994,0.2705465,2.482539,0.4516471,0.09004275,2.644124,0.4881749,0.03431708,2.717708,0.4201161,0.5199506,2.669512,0.3431128,0.279749,2.859288,0.349361,0.08667744,2.988037,0.3518897,0.02271306,3.034658,-0.03804248,0.218991,2.656625,-0.06268816,-0.1053631,2.770425,-0.3177092,-0.3576426,3.04396,-0.3076722,-0.4474105,3.003788,0.04775114,0.1825271,2.759833,0.1003809,-0.09387761,2.94085,0.03109932,-0.3413769,3.087326,0.1143577,-0.4291458,3.07752,0.3749159,0.5647514,2.499606,0.5670279,-0.01735711,2.82048,0.5339961,0.01807027,2.717333,0.3496747,0.01016306,3.014833,0.3489447,0.01838957,3.009009,
0.000709156,0.2262066,2.702027,0.2204195,0.4207656,2.587736,0.4319426,0.6150855,2.453897,0.5586975,0.682777,2.423988,0.2562065,0.5686067,2.398953,0.3431642,0.2685271,2.479729,0.4541736,0.08864754,2.642295,0.487811,0.03632732,2.713388,0.4252224,0.5209351,2.662251,0.3470253,0.2833341,2.854556,0.3482136,0.09428418,2.988798,0.3490623,0.03166599,3.03725,-0.04353267,0.2274577,2.571622,-0.1100369,-0.1429116,2.786776,-0.3170828,-0.3596533,3.043327,-0.3080919,-0.449214,3.000363,0.04564334,0.2123076,2.759657,0.09181565,-0.08569466,2.913959,0.03191103,-0.380478,3.114216,0.1191113,-0.4303874,3.07771,0.3800484,0.5670581,2.490123,0.5741098,0.002007233,2.814321,0.5302773,0.02942336,2.7116,0.3468571,0.01908798,3.017423,0.3461398,0.02727757,3.011598,
-0.004929096,0.2347564,2.685794,0.2206459,0.4270751,2.571811,0.4373631,0.6157355,2.444823,0.5639911,0.6834664,2.414448,0.2660578,0.5689366,2.389431,0.3443253,0.2666852,2.471154,0.4555606,0.08834759,2.640865,0.4901378,0.03662431,2.716468,0.4306182,0.5215703,2.65319,0.3500022,0.2877701,2.848809,0.3464332,0.1014529,2.986515,0.3457016,0.03975227,3.03612,-0.04661017,0.2354389,2.553219,-0.1188199,-0.153612,2.792933,-0.2947773,-0.3615895,3.027263,-0.2815751,-0.4494953,2.976051,0.03671014,0.2261324,2.747262,0.07399574,-0.1275404,2.948922,0.01757344,-0.4247309,3.146418,0.115975,-0.4283999,3.077823,0.3843928,0.5691203,2.479214,0.5701383,0.004559762,2.807323,0.5217702,0.04124371,2.695333,0.3435065,0.0271488,3.016293,0.3428024,0.03530497,3.010466,
0.008890071,0.2315206,2.686481,0.2258611,0.4272033,2.566698,0.4395009,0.6177998,2.430643,0.5643795,0.6850749,2.397206,0.2700281,0.5702121,2.380238,0.3428603,0.2649004,2.45696,0.4566584,0.08751073,2.636989,0.4947477,0.03682346,2.715453,0.4327386,0.5236058,2.639025,0.3560538,0.2930977,2.839524,0.347542,0.1103599,2.98142,0.345173,0.04986066,3.03242,-0.02370335,0.2400911,2.614594,-0.002617425,-0.09870987,2.749731,-0.2824621,-0.362286,3.019695,-0.2538978,-0.4518206,2.950289,0.06626485,0.2111968,2.691106,0.0770497,-0.12677,2.946092,0.01690951,-0.4218785,3.145479,0.1195032,-0.42998,3.077907,0.3874205,0.5708312,2.467462,0.5764078,0.008136699,2.803117,0.5241206,0.03206387,2.6839,0.3429782,0.0372252,3.012594,0.3422747,0.04533945,3.006768,
0.01294242,0.2373442,2.674865,0.2318422,0.4312162,2.552009,0.4448867,0.6184934,2.418178,0.5744197,0.6715205,2.382965,0.2741745,0.5710689,2.367127,0.335018,0.2597512,2.427453,0.4560794,0.08571251,2.632942,0.5045828,0.03625735,2.715203,0.4380969,0.5242785,2.626576,0.3628353,0.2958352,2.829706,0.5976414,0.09091449,2.898498,0.6069403,0.05281185,2.848842,-0.02587832,0.2404165,2.517926,-0.007735831,-0.1237157,2.746937,-0.2451562,-0.3861271,2.982363,-0.2537208,-0.4752603,2.952312,0.05876587,0.2389076,2.741698,0.084144,-0.1256251,2.942554,0.01531862,-0.4177238,3.143489,0.1183959,-0.4290938,3.078279,0.3928508,0.5725234,2.453772,0.5834175,0.009642257,2.794684,0.5209028,0.04302393,2.663364,0.6396601,0.01064912,2.837156,0.5841364,0.1106473,2.905643,
0.01701622,0.240486,2.664865,0.2344752,0.4347541,2.537805,0.4454005,0.6224334,2.398512,0.569128,0.6837584,2.359415,0.2860783,0.57239,2.344763,0.3276862,0.2609238,2.417937,0.3791995,0.08900899,2.563413,0.4341966,0.09327612,2.589556,0.4385946,0.5281737,2.606934,0.365957,0.3007827,2.812046,0.5975161,0.09683143,2.891897,0.6111557,0.05982503,2.828589,-0.02514441,0.2405305,2.516989,0.02062245,-0.06964149,2.681384,-0.228967,-0.3793314,2.96912,-0.2015381,-0.4812012,2.917969,0.06026236,0.239428,2.737154,0.1103102,-0.1067536,2.916441,0.01758687,-0.3873351,3.123888,0.1351044,-0.4310648,3.081525,0.3937849,0.576503,2.435425,0.4879988,0.03224321,2.658784,0.4648729,0.1027168,2.5913,0.6429515,-0.01483337,2.842264,0.6380805,0.02569118,2.849667,
0.03191377,0.2332215,2.656894,0.2418988,0.4336861,2.524849,0.4473463,0.6277816,2.376142,0.5686066,0.6906251,2.3344,0.289922,0.5746772,2.329864,0.3169492,0.2598723,2.401523,0.3759523,0.08730872,2.54361,0.4264024,0.1007541,2.561072,0.4405175,0.5334685,2.584594,0.3690035,0.3049091,2.78902,0.5726429,0.1456205,2.910443,0.5848334,0.1240891,2.872406,-0.008475446,0.232356,2.558817,0.02642867,-0.09118734,2.67361,-0.1791366,-0.4305749,2.962398,-0.1581912,-0.5103964,2.892626,0.0905443,0.218749,2.673608,0.1173008,-0.07817984,2.872753,0.02733441,-0.3512417,3.090652,0.1268462,-0.4237807,3.07832,0.3971739,0.5799962,2.415977,0.4869226,0.04204966,2.626862,0.4654387,0.1034481,2.5692,0.6279109,0.09118548,2.799991,0.6064019,0.1265948,2.830334,
0.1042445,0.2548334,2.62229,0.2767592,0.4465348,2.487539,0.4449558,0.6303141,2.352655,0.5799496,0.6780478,2.322053,0.2846107,0.5773779,2.315743,0.301107,0.2592984,2.378559,0.3643565,0.09077895,2.523348,0.4423102,0.09488413,2.561435,0.4381166,0.5359511,2.56113,0.3670059,0.3071418,2.765532,0.5835034,0.154328,2.882791,0.5933801,0.1294763,2.837657,0.06590151,0.2698779,2.578553,0.03076268,-0.07194446,2.650706,-0.1508788,-0.4133733,2.927691,-0.1206055,-0.5146484,2.873047,0.1398605,0.2331476,2.597641,0.1226429,-0.07761283,2.873387,0.0276958,-0.3504352,3.089626,0.1254786,-0.4248628,3.078466,0.4013636,0.5845815,2.390089,0.4644879,0.0617469,2.588262,0.4456907,0.1176685,2.527526,0.6336712,0.09339334,2.75039,0.641825,0.1070765,2.744333,
0.1027986,0.2538617,2.617424,0.2760874,0.4463041,2.48147,0.4446481,0.6319814,2.334355,0.5513996,0.7052768,2.282527,0.2836715,0.578487,2.296497,0.2808604,0.3083521,2.31425,0.3691599,0.1313969,2.436547,0.407303,0.116032,2.501003,0.4377952,0.5375806,2.54285,0.3667394,0.3085956,2.747177,0.5816276,0.1572478,2.852507,0.5948386,0.1416235,2.816689,0.06159311,0.2718444,2.555633,0.04210595,-0.06817875,2.636706,-0.1467987,-0.4129022,2.923749,-0.08342654,-0.5145677,2.857281,0.1393624,0.2314603,2.59825,0.007879535,-0.1421498,2.665711,0.03936299,-0.3554341,3.080493,0.1261338,-0.4356376,3.083168,0.402248,0.5861801,2.373533,0.4672872,0.05665768,2.564968,0.4229012,0.149368,2.475333,0.6352397,0.1057756,2.726654,0.60258,0.172008,2.813,
0.0974263,0.2595396,2.595969,0.2712502,0.4524775,2.459972,0.4398719,0.63848,2.313208,0.5549447,0.7104253,2.268728,0.2856658,0.5813578,2.274124,0.2738932,0.3053274,2.307161,0.3680525,0.1328017,2.431095,0.4193097,0.1139398,2.485129,0.43302,0.5440193,2.52173,0.362023,0.3149175,2.726083,0.5356936,0.1859448,2.812908,0.5867178,0.1576979,2.792349,0.05760052,0.2709658,2.531915,0.05373266,-0.06480087,2.625438,-0.05057715,-0.4747625,2.877151,-0.01631165,-0.5620117,2.800781,0.1354847,0.2389481,2.590146,0.02207212,-0.1436649,2.653874,0.06204044,-0.3652616,3.078892,0.1305393,-0.440756,3.076784,0.3981678,0.5929808,2.351831,0.476983,0.05328031,2.560693,0.4398871,0.1383495,2.468579,0.6415291,0.1130255,2.707083,0.5995113,0.1872367,2.793704,
0.1078082,0.246986,2.590709,0.2730162,0.4472958,2.448782,0.4316661,0.63912,2.286464,0.5417552,0.7081783,2.235085,0.2784628,0.5842974,2.258444,0.2596054,0.3019562,2.287593,0.3901401,0.1294038,2.37704,0.3989259,0.1277936,2.437938,0.4248204,0.5446038,2.495007,0.3538419,0.3154043,2.699355,0.6205879,0.1644976,2.759918,0.6256654,0.1417042,2.731369,0.06707563,0.2586546,2.506611,0.09112988,-0.07722495,2.597265,0.01286812,-0.5038712,2.831279,0.02643933,-0.5824185,2.758902,0.1517864,0.220973,2.601779,0.03416846,-0.2239415,2.675381,-0.001024654,-0.5443828,2.847389,0.056833,-0.4997134,2.921263,0.3935348,0.5917721,2.330334,0.4573503,0.0948451,2.468594,0.4280486,0.1502127,2.427,0.6629757,0.1020095,2.641902,0.6508713,0.1441074,2.682125,
0.1103069,0.2399116,2.579395,0.2718742,0.4427049,2.427828,0.4270662,0.6396922,2.264867,0.528959,0.7099718,2.206625,0.2720724,0.5866392,2.238878,0.2471,0.2997487,2.270714,0.3779916,0.1276051,2.360484,0.4067825,0.1271061,2.412035,0.4202183,0.5451308,2.473428,0.3492466,0.3158718,2.677798,0.5714554,0.1834711,2.717981,0.614608,0.1583821,2.706246,0.06640625,0.2534367,2.489955,0.09703486,-0.08016203,2.584741,0.05052412,-0.5022764,2.790809,0.07713911,-0.6119153,2.711678,0.1531622,0.2178009,2.598434,0.04760218,-0.2282345,2.66639,0.05058284,-0.5879715,2.788665,0.09137835,-0.5347777,2.86709,0.3891898,0.5913909,2.307255,0.4578051,0.09124721,2.431412,0.4352005,0.1487046,2.4012,0.6692764,0.1082255,2.593766,0.6395957,0.1844569,2.701731,
0.09375781,0.2499531,2.545194,0.2583194,0.4493611,2.397624,0.4173086,0.6422307,2.239494,0.5177851,0.7084659,2.17809,0.2675972,0.5846053,2.21739,0.2232703,0.2994051,2.242925,0.3639389,0.1512399,2.354469,0.3967487,0.1344253,2.376256,0.4104747,0.5476077,2.448078,0.3395336,0.3182575,2.652463,0.5987805,0.1949715,2.680892,0.6335155,0.1544022,2.663507,0.04357274,0.269502,2.442854,0.1084401,-0.1316684,2.581693,0.09654851,-0.5317272,2.761423,0.1283601,-0.627328,2.6596,0.1422639,0.2235738,2.579273,0.08729317,-0.2235103,2.628481,0.1048882,-0.6004203,2.745626,0.1324238,-0.680935,2.694187,0.3785459,0.5950167,2.281168,0.4624355,0.04226909,2.464357,0.4445985,0.1474766,2.372695,0.671105,0.1135314,2.574967,0.6577339,0.2011787,2.662375,
0.1212158,0.2301938,2.546567,0.2637074,0.4436724,2.390716,0.410793,0.6412567,2.217497,0.5027282,0.7042571,2.148496,0.2629682,0.5785901,2.192751,0.2187802,0.3018421,2.225209,0.3601817,0.1515874,2.33349,0.4058261,0.1280685,2.350316,0.466937,0.5197602,2.393987,0.3954889,0.2904834,2.598452,0.6097853,0.2015007,2.636044,0.6457523,0.1538147,2.618275,0.06132973,0.2563122,2.452891,0.1505817,-0.06976207,2.550446,0.1373542,-0.5434099,2.696799,0.1546106,-0.6546748,2.61955,0.1826561,0.1946048,2.567958,0.128148,-0.2720147,2.654681,0.1514283,-0.6355137,2.69854,0.1786047,-0.6817337,2.594402,0.3759695,0.5926805,2.264751,0.461137,0.01990577,2.442213,0.4446332,0.1499487,2.336172,0.6883599,0.1213491,2.541687,0.6781467,0.1898945,2.61225,
0.1647166,0.1972679,2.538738,0.2818874,0.4208027,2.367618,0.4022608,0.6307725,2.183482,0.5018409,0.6999647,2.122557,0.2576864,0.5666693,2.172563,0.2106348,0.3052909,2.20075,0.3741784,0.1482663,2.291411,0.4211482,0.1149571,2.325129,0.470852,0.5225352,2.391403,0.3993729,0.2932346,2.595885,0.6223794,0.1924009,2.582087,0.6571122,0.1514055,2.572257,0.1025668,0.2190752,2.4374,0.09073101,-0.1085706,2.54777,0.1716596,-0.575985,2.691471,0.1891863,-0.659549,2.605675,0.2185436,0.1725231,2.571286,0.1403518,-0.2310216,2.585455,0.201454,-0.6347654,2.64189,0.2031192,-0.7014039,2.666864,0.3731553,0.5797731,2.232636,0.4673511,0.01022509,2.404402,0.4640217,0.1360318,2.303212,0.6925457,0.114179,2.494784,0.691882,0.1836485,2.563762,
0.1562856,0.1790449,2.515704,0.2763461,0.4062576,2.345164,0.3944467,0.6241053,2.164241,0.4833996,0.6885542,2.09386,0.2512946,0.5564393,2.15132,0.2138059,0.2835107,2.186977,0.3842825,0.1428503,2.265257,0.4396769,0.09769693,2.298586,0.4821579,0.5285183,2.371774,0.5054734,0.3264309,2.558032,0.6790989,0.1534005,2.525322,0.6947522,0.1368914,2.50885,0.09791989,0.194907,2.418857,0.1102139,-0.1500375,2.534796,0.1843433,-0.5744404,2.680005,0.2000374,-0.663206,2.594513,0.2089468,0.1580583,2.542455,0.1464261,-0.2335552,2.578688,0.2029781,-0.633562,2.646017,0.2445922,-0.7203522,2.576353,0.3654628,0.570864,2.211269,0.476705,-0.005940835,2.36881,0.4658875,0.1395632,2.266064,0.7095876,0.09126619,2.417391,0.6994656,0.1435241,2.4528,
0.1617514,0.1678198,2.498492,0.2752258,0.3972007,2.325758,0.3838941,0.6175814,2.139432,0.4760557,0.6805121,2.070575,0.2450471,0.5465333,2.132112,0.2096978,0.2849316,2.165065,0.4307215,0.1335064,2.228805,0.4770003,0.06899694,2.272136,0.4896221,0.530507,2.321467,0.5156434,0.3282222,2.528829,0.6748322,0.1541166,2.486476,0.6946328,0.1321285,2.465507,0.1029115,0.1798121,2.401592,0.1230579,-0.1620739,2.526288,0.2056997,-0.6026943,2.674299,0.2165512,-0.6832666,2.583682,0.2153969,0.1509023,2.526557,0.1661109,-0.2271306,2.54739,0.2284985,-0.6340414,2.652903,0.2196904,-0.7123061,2.582622,0.3577351,0.5637766,2.188435,0.5315625,-0.01561951,2.313565,0.5291865,0.06157656,2.25279,0.7140406,0.08650558,2.369477,0.7265834,0.1568532,2.453,
0.1656004,0.1523432,2.471633,0.2711013,0.3845248,2.298136,0.3724728,0.6086447,2.113239,0.4555703,0.678898,2.03953,0.2358327,0.5289288,2.107662,0.2046215,0.264715,2.14691,0.4222363,0.1357176,2.194109,0.5016775,0.07176246,2.217489,0.4827599,0.5223336,2.294864,0.5339337,0.3333525,2.484648,0.6681541,0.1423756,2.425738,0.6997439,0.1272384,2.41399,0.1056662,0.1661196,2.381931,0.1393946,-0.1806127,2.500543,0.2223217,-0.6289495,2.676454,0.223043,-0.6940629,2.584257,0.2209103,0.1344553,2.49182,0.1751558,-0.2242835,2.52484,0.269151,-0.6935148,2.647516,0.1954294,-0.7099673,2.557938,0.3478048,0.5538327,2.161391,0.5823171,0.003671297,2.233514,0.4669961,0.05026424,2.2772,0.7221109,0.08618797,2.329203,0.7349736,0.1492876,2.394857,
0.1731116,0.1353643,2.445563,0.2694457,0.3733485,2.276349,0.3629679,0.601548,2.093486,0.4473558,0.6711385,2.017151,0.2292311,0.5174095,2.088765,0.2009892,0.2511389,2.129719,0.4273992,0.1300129,2.164922,0.496291,0.06505767,2.173751,0.4841761,0.5172986,2.259583,0.5351335,0.3336939,2.452545,0.6640879,0.1441775,2.376402,0.7009803,0.1226608,2.365898,0.1138025,0.1428318,2.354544,0.1621488,-0.2224963,2.476048,0.2276334,-0.6348531,2.672608,0.2291817,-0.7033842,2.582026,0.227499,0.1234666,2.467985,0.1922439,-0.2302799,2.485416,0.1732564,-0.6531276,2.735112,0.2179561,-0.6960469,2.595458,0.3403119,0.5459021,2.141488,0.5708082,-0.009997929,2.188426,0.4704412,0.03392421,2.202091,0.7304444,0.08336032,2.303903,0.7463068,0.1504003,2.333786,
0.2426655,0.1003855,2.421895,0.2995475,0.3482195,2.245287,0.3555845,0.590098,2.063855,0.4362373,0.6730548,1.98626,0.2266032,0.504365,2.067122,0.2070099,0.2325607,2.103984,0.4185935,0.1244486,2.112211,0.5002378,0.06198571,2.127056,0.4865004,0.5106146,2.233028,0.5597968,0.3155353,2.401533,0.6735443,0.1143133,2.331947,0.7024089,0.117928,2.321389,0.1753148,0.1139492,2.330814,0.1816068,-0.2371245,2.470528,0.2276341,-0.634289,2.669107,0.2302176,-0.7040784,2.582683,0.3030565,0.08401953,2.444593,0.2244347,-0.3236035,2.491399,0.08517837,-0.3667929,2.953647,0.1193929,-0.4517528,2.836404,0.3407835,0.5324119,2.113337,0.5812089,-0.0038475,2.128922,0.4735117,0.01189,2.15925,0.7341023,0.06725544,2.248048,0.7523444,0.1437331,2.282412,
0.2443334,0.09195881,2.40368,0.2986424,0.3421584,2.229179,0.3499069,0.5834508,2.041276,0.4257059,0.6679958,1.958039,0.2233687,0.4963159,2.041119,0.2103667,0.2240154,2.074394,0.4224766,0.1168468,2.081877,0.4995317,0.05733972,2.080374,0.4916043,0.5017338,2.209677,0.5650205,0.3049225,2.371902,0.6881925,0.119608,2.276056,0.7058495,0.1083123,2.273668,0.1766095,0.1074756,2.316383,0.1940307,-0.2553063,2.457753,0.2287906,-0.6334752,2.664113,0.2299685,-0.7065406,2.583423,0.3050354,0.07362878,2.422154,0.2250003,-0.3387921,2.470323,0.08825999,-0.3444139,2.935409,0.1212971,-0.4353548,2.824193,0.3371153,0.5244516,2.089669,0.5839818,-0.008316402,2.075985,0.4725135,-0.01426316,2.122286,0.7442043,0.05848399,2.209468,0.7625642,0.1303242,2.233182,
0.250648,0.07780611,2.363026,0.2981707,0.3347508,2.20133,0.3451881,0.5812684,2.025414,0.4201251,0.6642186,1.940694,0.2209911,0.491069,2.022732,0.2128862,0.2173509,2.048473,0.4215998,0.1020009,2.032795,0.4874517,0.06112858,2.036927,0.500378,0.4980329,2.194837,0.575294,0.2967264,2.339508,0.6849294,0.1072176,2.234623,0.7404558,0.08706252,2.216921,0.182358,0.09138724,2.276395,0.2021954,-0.2601846,2.446436,0.2293997,-0.6312259,2.660445,0.2301186,-0.7068097,2.584182,0.3115288,0.06207699,2.381582,0.2546248,-0.2737068,2.456652,0.1093114,-0.4201763,2.895933,0.1434826,-0.5073388,2.782068,0.3336271,0.5212824,2.072043,0.5676944,-0.01358241,2.038844,0.4731014,0.02647207,2.063714,0.7570152,0.0506139,2.172729,0.7745705,0.1141199,2.17819,
0.2755543,0.07210608,2.356062,0.307613,0.3296228,2.186335,0.3405379,0.57599,1.997182,0.4136549,0.6579741,1.91266,0.2200324,0.4837894,2.000226,0.2135763,0.2180439,2.015324,0.4193129,0.09725731,2.002298,0.4953358,0.03747309,1.99624,0.5104673,0.4864673,2.173208,0.5812611,0.2949332,2.315933,0.6727749,0.1058284,2.19254,0.736912,0.07928761,2.172533,0.2027974,0.08562881,2.271952,0.2068647,-0.2663872,2.432046,0.2271548,-0.6273873,2.655944,0.2298134,-0.7064083,2.584843,0.3408299,0.05661559,2.371495,0.3666508,-0.2372602,2.532484,0.1607031,-0.2111617,2.972699,0.173076,-0.3197465,2.878353,0.3333752,0.5158967,2.047518,0.5661444,-0.04784913,2.002633,0.5008625,-0.03360321,2.01877,0.770412,0.04737311,2.127275,0.7832825,0.1024961,2.130905,
0.3015069,0.0563762,2.323756,0.3202794,0.3180417,2.156584,0.3400188,0.5708004,1.979304,0.4095353,0.654074,1.893246,0.2203312,0.4803421,1.9822,0.2102373,0.2124695,1.990175,0.428088,0.07082339,1.955281,0.5140363,0.01851946,1.949821,0.5175778,0.4800681,2.146413,0.5818613,0.2908121,2.281265,0.6786916,0.1032459,2.159834,0.7390838,0.06661106,2.125513,0.2291622,0.06993804,2.240524,0.2158464,-0.2415279,2.393286,0.2261387,-0.6273773,2.654876,0.2292613,-0.707201,2.585633,0.3646471,0.04137806,2.339151,0.3821192,-0.261241,2.488,0.1735451,-0.4556761,2.883706,0.1955321,-0.5542023,2.78073,0.3351297,0.509167,2.025993,0.5867953,-0.06024337,1.9411,0.4847597,-0.03956243,1.977429,0.769936,0.03997808,2.018247,0.7898405,0.08378897,2.084655,
0.3129269,0.04722078,2.309956,0.3274167,0.3119975,2.142888,0.3416916,0.5673345,1.964195,0.4079156,0.6508877,1.875212,0.2244133,0.4733989,1.962437,0.2119207,0.2075036,1.962184,0.4146439,0.08639953,1.916333,0.4863071,0.03918654,1.904419,0.5247587,0.4756021,2.124191,0.5931918,0.2816811,2.243496,0.6801031,0.09820976,2.10798,0.7443774,0.05427761,2.07734,0.2410581,0.05877703,2.225565,0.224235,-0.2671241,2.396515,0.2250558,-0.6256924,2.653271,0.2292363,-0.7075165,2.585283,0.3755662,0.03406588,2.326046,0.3890833,-0.2821124,2.452236,0.1853994,-0.4639507,2.856041,0.2809235,-0.528257,2.865834,0.338391,0.5049653,2.010983,0.5628157,-0.032678,1.893659,0.5018945,-0.02571302,1.9195,0.761104,-0.03929523,1.963122,0.7961563,0.06700339,2.029757,
0.3307322,0.03433009,2.289008,0.3399096,0.2997279,2.121505,0.3474425,0.5563565,1.942777,0.4085091,0.6463652,1.851978,0.2289457,0.4682442,1.943272,0.2127854,0.2085945,1.936969,0.443835,0.06044998,1.875123,0.5232541,-0.002651778,1.858386,0.5338345,0.4683416,2.104016,0.6045806,0.2676801,2.211326,0.7035263,0.106223,2.056635,0.7523301,0.0372871,2.02646,0.2577414,0.0459122,2.205276,0.2294489,-0.2755415,2.393514,0.2251305,-0.6250361,2.651393,0.2294854,-0.7079631,2.585349,0.3936961,0.02178802,2.304762,0.4027934,-0.3087889,2.401181,0.3446471,-0.611652,2.778051,0.3744814,-0.6599573,2.813673,0.3459093,0.4936236,1.989508,0.5974632,-0.07064485,1.830946,0.4903999,-0.07448255,1.895368,0.7685428,-0.04328826,1.918747,0.8047983,0.04843176,1.981882,
0.3478888,0.0434461,2.248194,0.3495222,0.29931,2.098243,0.3516553,0.5508041,1.930822,0.4103112,0.63832,1.837926,0.2315824,0.462925,1.928175,0.2181316,0.2026314,1.911751,0.4066246,0.06726104,1.844263,0.4834057,0.02257483,1.824419,0.5423087,0.4626457,2.082759,0.6238237,0.2694099,2.185004,0.7125004,0.09052516,2.044452,0.7256797,0.04512241,2.001392,0.2733265,0.03803564,2.190634,0.2411962,-0.3011102,2.395103,0.2362439,-0.6394566,2.663056,0.2304105,-0.7133008,2.583768,0.4060726,0.05255063,2.240237,0.405982,-0.2711522,2.354297,0.3338599,-0.6089051,2.692626,0.3735931,-0.6765782,2.696527,0.3512708,0.4890507,1.975259,0.5531849,-0.05971992,1.813584,0.5068024,-0.06224928,1.836778,0.777562,-0.02078368,1.94654,0.7857601,0.05320533,1.958091,
0.3518823,0.03585916,2.232649,0.3567368,0.2907348,2.075166,0.359217,0.5393876,1.906863,0.4177026,0.6291527,1.812989,0.2375208,0.4553358,1.908258,0.2352659,0.180972,1.874523,0.4250773,0.05091997,1.79999,0.5000648,0.004210041,1.778833,0.549842,0.452441,2.060353,0.6411749,0.253777,2.145231,0.7387674,0.06335288,1.966098,0.7747766,-0.003920218,1.919562,0.2836529,0.02626863,2.163034,0.2410717,-0.3053728,2.385545,0.2345872,-0.6434172,2.663704,0.2337544,-0.7164875,2.583127,0.4091061,0.04464054,2.229929,0.4193018,-0.2930246,2.331762,0.3588975,-0.6298009,2.633892,0.4194336,-0.7075195,2.615234,0.3590807,0.478424,1.95082,0.5689384,-0.07680411,1.758668,0.4815089,-0.0358977,1.766235,0.7757051,-0.08945435,1.828844,0.8168777,0.01462693,1.879317,
0.3601327,0.022124,2.208456,0.3643513,0.2795423,2.054909,0.3661683,0.5285626,1.889084,0.4246087,0.6199093,1.798536,0.2445346,0.4453841,1.887928,0.2382314,0.1771131,1.85929,0.4226969,0.0435299,1.776775,0.4947901,-0.0008192451,1.744302,0.558451,0.443947,2.038017,0.6501484,0.2449103,2.121748,0.7329905,0.09487883,1.94638,0.7629323,0.001272636,1.891121,0.2904141,0.01825813,2.146516,0.2467289,-0.2891569,2.333162,0.2325359,-0.6438524,2.661083,0.2351341,-0.7183454,2.583288,0.417937,0.02548751,2.202691,0.4353576,-0.3277139,2.299581,0.3987898,-0.6774235,2.561353,0.4379224,-0.7500922,2.547555,0.3661568,0.4676915,1.932648,0.5618905,-0.07991475,1.722486,0.4737206,-0.04983602,1.757773,0.793283,-0.05349799,1.768107,0.8284857,0.002133238,1.825333,
0.3722117,0.01016293,2.190277,0.3729816,0.2698847,2.039141,0.3714412,0.5210122,1.876316,0.4309484,0.6113595,1.777117,0.2523658,0.4356176,1.87221,0.2385122,0.1788014,1.840869,0.4138139,0.03871567,1.748243,0.4873266,-0.005059805,1.714376,0.570932,0.4303726,2.020436,0.6647109,0.2266393,2.092136,0.7344153,0.07181802,1.915018,0.7673753,-0.01406908,1.851047,0.3042144,0.005287546,2.124383,0.2480807,-0.2918566,2.33037,0.2313782,-0.6423217,2.657116,0.2378216,-0.7190805,2.584386,0.4286811,0.01454251,2.187744,0.4505914,-0.3524407,2.273529,0.4458856,-0.7255842,2.480934,0.4753269,-0.8046516,2.39238,0.3722529,0.4596207,1.919086,0.5535318,-0.09220029,1.696939,0.4888368,-0.07868967,1.726063,0.803021,-0.07213054,1.73127,0.8325502,-0.014911,1.783867,
0.3868139,-0.009928327,2.169047,0.3867633,0.252396,2.017509,0.3838329,0.50611,1.854569,0.4411726,0.6037624,1.760495,0.2619524,0.4250644,1.855987,0.2435681,0.176417,1.813982,0.4314822,0.01789793,1.702685,0.5126705,-0.02988286,1.672449,0.5837415,0.4098538,1.991322,0.6754318,0.1973954,2.042784,0.7479923,0.04384882,1.865845,0.7607053,-0.02475882,1.820335,0.3159552,-0.01525436,2.10626,0.2502187,-0.2995664,2.319739,0.2295343,-0.6424099,2.6541,0.2375435,-0.7199932,2.583579,0.4456182,-0.004117236,2.163928,0.4627364,-0.3869711,2.25014,0.4935071,-0.7638847,2.400498,0.5400391,-0.8500977,2.353516,0.385067,0.444064,1.897322,0.5729376,-0.1165663,1.648337,0.4902554,-0.06796927,1.669111,0.8077404,-0.1098994,1.699337,0.8219069,-0.03315565,1.753655,
0.3906569,-0.02486937,2.148409,0.3938695,0.2390273,1.999286,0.3939848,0.4938937,1.838094,0.4504192,0.5931395,1.744265,0.2716703,0.4126295,1.836011,0.2679297,0.1464036,1.774257,0.4401714,0.002758605,1.681629,0.5098056,-0.03780859,1.642727,0.5945543,0.3968019,1.973946,0.6860625,0.1885494,2.036885,0.754551,0.04329691,1.851186,0.7742691,-0.04449866,1.777888,0.3190903,-0.02795509,2.087404,0.2531768,-0.3083434,2.307797,0.227782,-0.641252,2.649647,0.2364858,-0.7213281,2.585544,0.4498972,-0.02108054,2.141639,0.4703211,-0.3952223,2.234402,0.5111752,-0.8150102,2.337649,0.5610352,-0.8818359,2.277344,0.3944715,0.431599,1.880472,0.5709674,-0.1231924,1.61753,0.4692906,-0.07541142,1.66521,0.820036,-0.1029624,1.652371,0.8394166,-0.05329944,1.7075,
0.4031909,-0.04396919,2.128857,0.4066343,0.2221579,1.980884,0.4066075,0.4796456,1.821364,0.465668,0.5750754,1.72741,0.2833924,0.3999272,1.821452,0.2740618,0.1392647,1.76089,0.4360116,-0.007838465,1.654567,0.5067933,-0.04664415,1.61338,0.6131468,0.3756263,1.950772,0.7139785,0.1634003,1.986766,0.7673816,0.008769855,1.803685,0.778363,-0.06059149,1.743585,0.3305348,-0.04527935,2.069705,0.2604617,-0.394051,2.354355,0.2278108,-0.6395824,2.647319,0.2357436,-0.720753,2.586101,0.4629596,-0.04127486,2.1204,0.4864362,-0.451833,2.218587,0.5395108,-0.853813,2.268915,0.57991,-0.9156048,2.203416,0.4071876,0.4166658,1.863281,0.566126,-0.138355,1.592019,0.4581174,-0.07315995,1.634241,0.8107987,-0.1187034,1.628232,0.84386,-0.07776646,1.669706,
0.4097093,-0.06083397,2.107272,0.4175972,0.2054666,1.960496,0.4224463,0.4626998,1.801578,0.4769737,0.5664043,1.709445,0.296695,0.3825809,1.801802,0.2925975,0.1241013,1.72681,0.4508692,-0.02531893,1.618108,0.5165969,-0.06208929,1.577359,0.6288551,0.3544559,1.92564,0.7289594,0.1407708,1.956292,0.77755,-0.01247394,1.770641,0.7850814,-0.08190481,1.70574,0.3370759,-0.0610153,2.048017,0.2627546,-0.3941707,2.347414,0.2281717,-0.6389509,2.643722,0.2350376,-0.7212213,2.585748,0.4691274,-0.05871877,2.099021,0.4918863,-0.4554858,2.198072,0.5375606,-0.8622278,2.247788,0.5759136,-0.9263247,2.168894,0.4217686,0.3998126,1.843388,0.5755703,-0.1429101,1.5479,0.4676645,-0.08773275,1.597762,0.8231627,-0.142892,1.60891,0.6922776,-0.0886752,1.684372,
0.4244606,-0.08122431,2.084177,0.4325414,0.187624,1.942156,0.43675,0.4477766,1.788025,0.4950144,0.5476938,1.688984,0.3102508,0.366766,1.784455,0.3042344,0.1118027,1.70769,0.4540461,-0.04076611,1.590963,0.5177078,-0.07209624,1.549221,0.6432579,0.3309681,1.9019,0.7466195,0.1177802,1.926,0.7921608,-0.02344218,1.730008,0.7895743,-0.09665548,1.675704,0.3509386,-0.08053429,2.028886,0.2660039,-0.3307549,2.229112,0.2241054,-0.6273681,2.61222,0.2332618,-0.7133596,2.588058,0.4842395,-0.07934722,2.071693,0.4990788,-0.465461,2.163883,0.5362172,-0.8760263,2.226629,0.5829896,-0.9517104,2.147138,0.4363306,0.38413,1.828651,0.5756741,-0.1481143,1.515101,0.4470438,-0.06880151,1.563692,0.8477255,-0.1535072,1.613063,0.6917915,-0.0969203,1.649282,
0.4516084,-0.1062787,2.058079,0.4560804,0.1645777,1.916072,0.4568378,0.4268526,1.762339,0.5101941,0.5329242,1.668291,0.3281269,0.3473508,1.763286,0.3220212,0.09618057,1.676806,0.4688122,-0.06114342,1.562928,0.5287268,-0.09163146,1.51781,0.6573229,0.3105768,1.873713,0.7640792,0.09700506,1.88316,0.8024893,-0.05255337,1.69202,0.8072537,-0.1222959,1.63515,0.3783766,-0.1078363,2.005091,0.2785778,-0.3955855,2.260489,0.2256859,-0.6401743,2.631001,0.2345746,-0.7249299,2.586545,0.5100209,-0.1012828,2.043991,0.5036476,-0.4735536,2.137408,0.5436807,-0.8991285,2.205523,0.5792212,-0.9638405,2.142408,0.4572963,0.3626519,1.802813,0.5848563,-0.1618391,1.479684,0.4689778,-0.09704247,1.532,0.8688245,-0.1785764,1.540564,0.7306512,-0.1562284,1.61839,
0.4568703,-0.1175335,2.040047,0.4664567,0.1531744,1.900791,0.4729913,0.4145643,1.748901,0.5265865,0.5183284,1.653327,0.3427925,0.3318352,1.747029,0.3313696,0.08442837,1.66204,0.4728847,-0.07457164,1.54356,0.5298073,-0.1035028,1.497532,0.6744603,0.2947498,1.853243,0.7771005,0.07904088,1.861261,0.8106534,-0.06916022,1.668086,0.8135295,-0.1357041,1.611928,0.3829093,-0.1165307,1.987815,0.2854903,-0.4039639,2.236346,0.2262527,-0.6447171,2.628148,0.2366268,-0.7289223,2.581657,0.515803,-0.1149403,2.025147,0.5107581,-0.4803978,2.100563,0.5455415,-0.9027358,2.203935,0.5787163,-0.9691401,2.142013,0.4719051,0.3506524,1.788969,0.5844414,-0.1670724,1.452382,0.5209066,-0.1400599,1.4635,0.8759142,-0.1827587,1.531445,0.7412859,-0.1776292,1.591529,
0.4609407,-0.1291887,2.015078,0.4814788,0.1383831,1.873638,0.5005219,0.3964406,1.719497,0.5511049,0.5018438,1.626855,0.3673255,0.3158479,1.723161,0.3472444,0.07200741,1.639985,0.4857934,-0.09619305,1.510367,0.5502077,-0.1401582,1.470827,0.696687,0.2735797,1.822475,0.7883242,0.05253771,1.827818,0.8270622,-0.09191607,1.632893,0.8183975,-0.1607354,1.583574,0.3865344,-0.1255784,1.962125,0.3058763,-0.4314151,2.187962,0.2263747,-0.6451971,2.615897,0.2383429,-0.7300779,2.579026,0.5199755,-0.1286151,2.001026,0.5256091,-0.4862258,2.058198,0.5445917,-0.9032344,2.20185,0.5808883,-0.9746482,2.145113,0.4962457,0.3333415,1.760086,0.6002914,-0.2261769,1.436097,0.5670308,-0.2355838,1.46625,0.854081,-0.2275561,1.533018,0.7383696,-0.1844279,1.559675,
0.4738456,-0.1414093,1.993607,0.4960737,0.1284801,1.85486,0.5133972,0.3899094,1.705012,0.5651531,0.4920975,1.60918,0.3779563,0.3096639,1.704211,0.3578866,0.06751854,1.623377,0.4883428,-0.1010454,1.505503,0.5441145,-0.143066,1.459024,0.709789,0.2636424,1.801361,0.7985026,0.04081494,1.799561,0.833235,-0.1097861,1.608705,0.8270593,-0.1319008,1.575588,0.3994783,-0.1377256,1.939312,0.3332071,-0.4318982,2.123354,0.2480925,-0.6499666,2.548289,0.2376633,-0.720735,2.566617,0.5322271,-0.1403501,1.98112,0.5361969,-0.5047483,2.046292,0.5424055,-0.912685,2.202789,0.5808147,-0.9780276,2.146102,0.5098391,0.325938,1.744476,0.5921969,-0.2290081,1.423017,0.5489706,-0.2081777,1.433222,0.8501097,-0.1547369,1.513921,0.7530968,-0.1619437,1.552769,
0.4880233,-0.1535719,1.971628,0.5138339,0.1159136,1.831221,0.5352261,0.3767778,1.678727,0.5826595,0.4809417,1.584989,0.3914755,0.3034391,1.681524,0.3841048,0.04287218,1.587268,0.5118278,-0.1351086,1.482257,0.568494,-0.1849875,1.432857,0.7276935,0.2452585,1.773156,0.8202047,0.02381719,1.755764,0.8420448,-0.1342835,1.569136,0.7995483,0.04685152,1.399614,0.4127245,-0.1482821,1.918539,0.3341523,-0.4396049,2.106849,0.2493285,-0.6635904,2.528823,0.2517447,-0.7329374,2.549241,0.5467635,-0.1537463,1.958081,0.5455338,-0.5126289,2.033232,0.5424789,-0.91263,2.202758,0.5789927,-0.9791951,2.146483,0.5306844,0.3129169,1.718887,0.6155346,-0.2701873,1.391823,0.5759602,-0.285632,1.4378,0.7797578,0.06638656,1.328835,0.7809359,0.06377818,1.381333,
0.4986676,-0.1613912,1.949084,0.5251607,0.1078535,1.811542,0.5464107,0.3687627,1.662226,0.5977592,0.4679112,1.561492,0.4080847,0.2896934,1.658852,0.3889788,0.03854227,1.578663,0.5116333,-0.1400903,1.468305,0.5670388,-0.1905593,1.420229,0.7383608,0.2402586,1.750487,0.8290429,0.01807119,1.731264,0.8467573,-0.1517769,1.555171,0.8122784,0.05323285,1.400005,0.4264567,-0.154604,1.888849,0.3610688,-0.4583179,2.054701,0.2655908,-0.6675158,2.482002,0.2781995,-0.748328,2.386496,0.5543647,-0.16226,1.941634,0.5521423,-0.5228322,2.023323,0.5425405,-0.9128061,2.202303,0.5763826,-0.9805124,2.145179,0.5419711,0.3048773,1.701593,0.613744,-0.2752717,1.379177,0.5828301,-0.2856641,1.4095,0.7975231,0.06635224,1.326767,0.7884567,0.06683458,1.3375,
0.4967242,-0.1655526,1.935244,0.5299554,0.1015098,1.794286,0.5605298,0.3589879,1.639307,0.6074522,0.461069,1.54352,0.417792,0.2849365,1.64291,0.3958262,0.03465511,1.565624,0.5120791,-0.1467215,1.452525,0.5124552,-0.1486363,1.449729,0.7522219,0.229312,1.722248,0.858532,-0.07655493,1.675853,0.8564113,-0.1821817,1.453061,0.8091825,0.04696556,1.398219,0.4231771,-0.1549315,1.878557,0.3738279,-0.4597466,2.028679,0.2744964,-0.6702294,2.454621,0.2663574,-0.7446289,2.476563,0.5538328,-0.1715415,1.924113,0.554479,-0.5256799,2.017502,0.5423897,-0.9131346,2.201862,0.5789938,-0.9831614,2.145663,0.5534673,0.2960777,1.680247,0.5536132,-0.2115333,1.422465,0.4593183,-0.1476628,1.4732,0.7796658,0.07504858,1.354886,0.7734013,0.07444558,1.344,
0.5087071,-0.173133,1.913596,0.5425312,0.09281223,1.77264,0.5703755,0.3509463,1.621347,0.6185124,0.4473104,1.522207,0.4326159,0.2760943,1.621004,0.407672,0.02635835,1.548795,0.5276681,-0.1692006,1.428915,0.5845154,-0.2335944,1.391243,0.7633427,0.2211019,1.701861,0.8637534,-0.08796957,1.671021,0.8647207,-0.1552965,1.433496,0.8123553,0.04653884,1.403217,0.432789,-0.1592932,1.859068,0.4201131,-0.4789888,1.990797,0.2992887,-0.6805635,2.416037,0.277832,-0.7558594,2.427734,0.5667438,-0.1812027,1.902354,0.5589893,-0.5321613,2.010757,0.5423664,-0.9134402,2.201718,0.5789434,-0.9837755,2.14629,0.564338,0.2877018,1.661073,0.6291237,-0.313507,1.34264,0.5923855,-0.3147845,1.3968,0.7881021,0.08878067,1.396935,0.8093966,0.04890498,1.425333,
0.5153483,-0.1758468,1.905436,0.551196,0.0875392,1.759361,0.5817382,0.3417312,1.599911,0.6273059,0.4402952,1.504571,0.4405139,0.2694001,1.606618,0.4154409,0.01920765,1.537558,0.5275153,-0.1701774,1.428144,0.5786049,-0.2319056,1.387739,0.7711207,0.2146866,1.681344,0.8674615,-0.09326943,1.668417,0.8718729,-0.1032199,1.42156,0.8315737,0.03628212,1.453817,0.4395025,-0.1609991,1.851218,0.4267839,-0.4820123,1.984861,0.3022037,-0.7361488,2.380734,0.2864983,-0.8128395,2.38418,0.5732512,-0.1848075,1.893553,0.5634366,-0.5333444,2.003885,0.5433902,-0.9136838,2.198951,0.5790765,-0.9844189,2.146083,0.5750274,0.2796166,1.641979,0.6210121,-0.3124394,1.337992,0.5891504,-0.3098438,1.387286,0.7891039,0.06849578,1.371389,0.8002937,0.07612491,1.4475,
0.5168955,-0.1797793,1.893506,0.5573643,0.0809908,1.743999,0.5929099,0.3329729,1.582431,0.6354814,0.4328255,1.487243,0.4483822,0.2636473,1.591239,0.4400298,-0.008623496,1.508961,0.5435644,-0.2045704,1.410387,0.593044,-0.266756,1.370821,0.7790152,0.2066968,1.664407,0.8494279,-0.0231197,1.648948,0.8975033,-0.1853296,1.472135,0.8088999,0.06639582,1.410254,0.4407645,-0.1636211,1.839658,0.391839,-0.4834808,1.949563,0.3221923,-0.7788773,2.3295,0.298883,-0.8541569,2.331741,0.57492,-0.1898421,1.881226,0.5653843,-0.537276,2.000918,0.5458253,-0.9149982,2.19725,0.5792841,-0.985365,2.146139,0.5849912,0.2713197,1.624807,0.6303027,-0.3460082,1.3241,0.5970032,-0.3674723,1.3865,0.8026713,0.05973849,1.341783,0.7976205,0.06759102,1.401889,
0.5190648,-0.184617,1.88217,0.5605218,0.07660049,1.735205,0.5961324,0.329433,1.576291,0.6431677,0.42431,1.471172,0.4517118,0.2615201,1.584192,0.4419521,-0.01037111,1.506575,0.5420792,-0.2064188,1.404308,0.589803,-0.2640078,1.362741,0.7790096,0.2066988,1.664427,0.8655431,-0.08733669,1.608936,0.825998,0.07295191,1.425996,0.8036435,0.1637834,1.323215,0.4433289,-0.1682001,1.82775,0.3912648,-0.4823444,1.948174,0.3244551,-0.8085257,2.303562,0.3036164,-0.890159,2.268601,0.5765201,-0.1946134,1.870568,0.5668528,-0.5406669,1.998829,0.5459061,-0.9152027,2.196715,0.5787243,-0.9856023,2.145704,0.5882508,0.2675601,1.618042,0.6270173,-0.3442229,1.31725,0.5657558,-0.2885643,1.328333,0.7971864,0.2069383,1.268797,0.782765,0.2127759,1.263333,
0.5203811,-0.1877296,1.873806,0.5642713,0.06899936,1.719317,0.602846,0.3160304,1.551104,0.6480775,0.4170972,1.457561,0.4611086,0.2538179,1.562772,0.4433541,-0.01037099,1.500383,0.5412757,-0.2054475,1.393724,0.5893252,-0.2615837,1.352444,0.7912219,0.1929679,1.626855,0.8670051,-0.09377789,1.610161,0.8294828,0.06436139,1.424888,0.8097965,0.08517624,1.375689,0.4444157,-0.1709095,1.820718,0.3907584,-0.4823979,1.945669,0.347493,-0.8456005,2.268402,0.311264,-0.921556,2.222802,0.5779446,-0.1979735,1.860818,0.5688099,-0.5449395,1.996541,0.5470375,-0.9165227,2.196607,0.578713,-0.9866664,2.144411,0.594206,0.255706,1.595317,0.6265604,-0.3420103,1.308639,0.5680637,-0.2901514,1.318067,0.7952663,0.2113279,1.34673,0.8017755,-0.003550977,1.448738,
0.5226253,-0.190255,1.865491,0.5664071,0.06570201,1.711458,0.6041707,0.3131944,1.545482,0.6510598,0.4129491,1.450841,0.4645891,0.2509998,1.556457,0.4464572,-0.01315375,1.493575,0.5442222,-0.2089625,1.388288,0.5916912,-0.2648029,1.349196,0.7924073,0.1919413,1.623391,0.869845,-0.09292294,1.618876,0.8331249,0.06091822,1.429778,0.8351219,0.04784659,1.437011,0.4463828,-0.1732875,1.811231,0.3908827,-0.4805258,1.943331,0.3545134,-0.8595424,2.249055,0.3232248,-0.937059,2.204548,0.5802643,-0.200481,1.853696,0.5731682,-0.5427684,1.991458,0.5472372,-0.9165462,2.196709,0.5796341,-0.9867993,2.146292,0.5957733,0.2526592,1.589024,0.6284682,-0.3446732,1.304971,0.5733802,-0.2988643,1.317,0.7863719,0.06964195,1.320793,0.7985112,0.06787993,1.3615,
0.5237721,-0.1939215,1.860339,0.5681225,0.06183965,1.705057,0.6062132,0.309576,1.53813,0.6553016,0.4059327,1.440254,0.4674197,0.2480181,1.549936,0.4490883,-0.01585477,1.486866,0.546744,-0.2124385,1.383116,0.5935645,-0.2693523,1.343596,0.7943689,0.1896745,1.618206,0.8587012,-0.04184658,1.610581,0.8452234,-0.01768298,1.364849,0.8059384,0.06062896,1.330319,0.4478286,-0.1785237,1.806714,0.3913585,-0.4826725,1.9437,0.357242,-0.8738034,2.234808,0.3365078,-0.9494016,2.173448,0.581115,-0.2026978,1.847731,0.5719603,-0.5661639,1.996236,0.5478199,-0.9171988,2.196365,0.5796588,-0.9876941,2.145905,0.59777,0.2489356,1.581854,0.62971,-0.3505011,1.299847,0.5757582,-0.3052467,1.308643,0.7875525,0.04693991,1.291731,0.8011496,0.06637056,1.3265,
0.5255293,-0.1980717,1.853637,0.569813,0.05848245,1.699087,0.6076731,0.3070591,1.532978,0.6573256,0.4014878,1.4336,0.4666281,0.2483155,1.550885,0.4507779,-0.01870278,1.480213,0.5484692,-0.215471,1.376927,0.5965776,-0.2764867,1.336039,0.7951313,0.1888967,1.615659,0.8589242,-0.0427433,1.609158,0.84022,0.007709185,1.483902,0.8298982,0.04846514,1.402711,0.4493955,-0.1834635,1.800791,0.4340737,-0.4947008,1.941774,0.3570609,-0.8781915,2.235486,0.3324697,-0.951849,2.171156,0.5829237,-0.2057649,1.840433,0.5699757,-0.5656275,1.993872,0.5478545,-0.9172311,2.196263,0.5794284,-0.9876889,2.145153,0.5993022,0.2462104,1.576489,0.6348167,-0.3594553,1.291806,0.5788459,-0.303932,1.297905,0.8133637,0.05917992,1.327715,0.8183066,0.05008768,1.38525,
0.5264794,-0.2005159,1.84897,0.5704364,0.05680079,1.69554,0.6079804,0.3060452,1.53043,0.6584092,0.3989669,1.429159,0.4667276,0.2476557,1.549348,0.451824,-0.02103932,1.476405,0.549787,-0.2182998,1.374495,0.5987995,-0.2791048,1.334645,0.7954605,0.1879191,1.614181,0.8586192,-0.04389031,1.608139,0.8420396,0.006882446,1.490473,0.837234,0.0486137,1.430163,0.450274,-0.1863321,1.796382,0.4359953,-0.4958408,1.941957,0.3559476,-0.8779618,2.236641,0.3354697,-0.9523754,2.172078,0.5838559,-0.2076299,1.835636,0.5701819,-0.5679381,1.99359,0.5484545,-0.9175066,2.195743,0.5795003,-0.9882944,2.14501,0.5996861,0.2450413,1.573702,0.6355378,-0.3604686,1.294737,0.5801728,-0.3102793,1.298533,0.8278431,0.04667003,1.39055,0.8240641,0.06275749,1.417778,
0.525357,-0.2020963,1.844286,0.5699282,0.05468206,1.689581,0.608129,0.3034219,1.523099,0.6580906,0.3972877,1.42641,0.4685176,0.2435638,1.538631,0.4521046,-0.02216422,1.473867,0.5502503,-0.2197935,1.37297,0.5985469,-0.2799048,1.333928,0.7961468,0.1863789,1.607092,0.8585534,-0.04524106,1.60802,0.8928986,-0.2161784,1.436346,0.9061134,-0.2733034,1.382356,0.4490981,-0.1881444,1.791252,0.3963096,-0.490425,1.931889,0.3520052,-0.8737859,2.231451,0.3362252,-0.9511147,2.173187,0.5827839,-0.2088888,1.831456,0.5758439,-0.5597659,1.985765,0.5488862,-0.9175471,2.19537,0.5768909,-0.9890008,2.142053,0.5996724,0.2425388,1.566715,0.6353368,-0.3613719,1.295619,0.5779771,-0.3138629,1.301857,0.8963783,-0.2734335,1.343088,0.8921466,-0.2548841,1.370804,
0.5235426,-0.2043912,1.84009,0.5683151,0.05274398,1.685203,0.6066336,0.3019245,1.518648,0.6565134,0.3964515,1.422166,0.4685036,0.2420613,1.534194,0.4510014,-0.02203816,1.472241,0.5493426,-0.2197762,1.371782,0.5956866,-0.2800322,1.33244,0.7951903,0.1854156,1.603252,0.8583789,-0.04568085,1.607584,0.8467596,-0.01548533,1.501911,0.8382831,0.05294207,1.450223,0.4471603,-0.1894753,1.786314,0.3949804,-0.4897523,1.930279,0.3462456,-0.8720614,2.230531,0.3335231,-0.9504156,2.174659,0.581031,-0.2120792,1.827836,0.5783756,-0.5509969,1.9782,0.5488099,-0.9176801,2.195303,0.57692,-0.9890974,2.142022,0.5981565,0.2409272,1.562273,0.6345895,-0.3609391,1.294063,0.6107042,-0.3680418,1.345,0.8028447,0.06228571,1.316727,0.8360817,0.07478639,1.472333,
0.5193822,-0.2039046,1.834224,0.5661662,0.05251538,1.681713,0.6057661,0.3013635,1.516879,0.6541058,0.3973058,1.420246,0.4675519,0.2415597,1.532303,0.4491372,-0.0230677,1.471012,0.5481473,-0.2203976,1.370405,0.5947183,-0.283534,1.33164,0.7941564,0.1850503,1.601796,0.857897,-0.04566884,1.608291,0.845144,-0.01328154,1.499936,0.8324595,0.06485469,1.462793,0.4421153,-0.1873202,1.778731,0.4009293,-0.492272,1.933381,0.3400666,-0.8718305,2.234236,0.3319317,-0.9497016,2.175664,0.5776912,-0.2128437,1.823425,0.5789925,-0.5458735,1.974272,0.5489374,-0.9176518,2.194786,0.5769783,-0.9892292,2.141999,0.5970312,0.2404185,1.560137,0.635156,-0.3637753,1.293837,0.5722615,-0.3147577,1.307706,0.8136355,0.02342124,1.366804,0.8114023,0.09048188,1.4576,
0.5135216,-0.2039891,1.830572,0.5617725,0.0526685,1.678895,0.6029526,0.3015772,1.515109,0.6518836,0.3978146,1.41921,0.4658193,0.241453,1.531032,0.4430521,-0.02342062,1.470548,0.5430654,-0.2204398,1.370339,0.5901359,-0.2841919,1.333493,0.7927115,0.1850853,1.601418,0.8564251,-0.04533013,1.610873,0.842948,-0.01160052,1.499618,0.8253095,0.0624948,1.439703,0.4363381,-0.1863622,1.774683,0.403309,-0.4948725,1.935841,0.3154184,-0.8680413,2.239156,0.3153298,-0.9453719,2.178767,0.5719657,-0.2140201,1.820277,0.5790912,-0.5449311,1.973267,0.5490743,-0.9183596,2.194466,0.577086,-0.9899651,2.141781,0.5938256,0.2406314,1.558096,0.6367655,-0.366158,1.29786,0.597901,-0.3524378,1.3555,0.8017616,0.03781462,1.340288,0.8109421,0.08375273,1.43525,
0.5049366,-0.2031846,1.828626,0.55538,0.05347476,1.677761,0.5986585,0.3022697,1.514777,0.6464157,0.3997944,1.419024,0.4620474,0.2418247,1.53024,0.4310075,-0.02544509,1.472561,0.5341998,-0.2209567,1.372661,0.5842435,-0.2839198,1.337601,0.7878398,0.1862416,1.602104,0.8498102,-0.04298986,1.623883,0.9053558,-0.1882817,1.434687,0.8038614,0.05556481,1.399174,0.4280053,-0.1846996,1.772324,0.3867192,-0.4943641,1.938806,0.2999933,-0.865929,2.244207,0.2995241,-0.9434686,2.184213,0.5634393,-0.2141705,1.818795,0.5786762,-0.5438911,1.972427,0.5487912,-0.9186426,2.194255,0.5775267,-0.9900032,2.141824,0.5890195,0.2413616,1.557568,0.630798,-0.3667702,1.305739,0.5539072,-0.3105482,1.327778,0.7734876,0.02871843,1.268735,0.7942941,0.06847759,1.389375,
0.5249318,-0.2016993,1.831843,0.5563701,0.05415652,1.67823,0.591626,0.3046351,1.515239,0.6427656,0.4007362,1.417848,0.4552059,0.2433948,1.530575,0.4061064,-0.02128689,1.483506,0.5162317,-0.2134071,1.384435,0.5645268,-0.2722671,1.3515,0.7771312,0.1892097,1.60773,0.8389945,-0.03744926,1.642697,0.9148055,-0.1981254,1.475552,0.8157789,0.04218161,1.429096,0.4397135,-0.1841609,1.774726,0.3825807,-0.4923816,1.939182,0.2824706,-0.8550522,2.251009,0.2825157,-0.9326369,2.190633,0.5933136,-0.2115878,1.823251,0.5764487,-0.5414994,1.971347,0.5484644,-0.9169848,2.193502,0.5776643,-0.9884924,2.142357,0.5856925,0.2428975,1.557997,0.6126188,-0.351086,1.314856,0.5662448,-0.333721,1.360167,0.7975488,0.01448803,1.348489,0.7981612,0.07532562,1.432286,
0.5287156,-0.2007366,1.836028,0.5565284,0.05555867,1.680636,0.5834786,0.3073905,1.517622,0.6337702,0.4051715,1.420244,0.4452946,0.2453497,1.533986,0.3910443,-0.02447967,1.494278,0.5259666,-0.255392,1.387621,0.5789675,-0.3098091,1.360837,0.7706732,0.1917346,1.61575,0.8352802,-0.03119705,1.661743,0.9109863,-0.1950186,1.497739,0.7991854,0.06199089,1.402672,0.4436894,-0.1836065,1.778702,0.3759251,-0.4918219,1.943381,0.2602861,-0.8385308,2.267382,0.2674243,-0.9164246,2.208777,0.5958911,-0.2104802,1.827338,0.5736877,-0.5425985,1.973391,0.5483798,-0.9169813,2.193446,0.5779329,-0.9886438,2.143582,0.5796689,0.2454248,1.560516,0.6318453,-0.4126932,1.355487,0.5469353,-0.3258335,1.390937,0.8012369,0.06727488,1.345795,0.7789041,0.07850469,1.420833,
0.5237913,-0.200871,1.83946,0.5491045,0.05801919,1.686113,0.5694515,0.3120766,1.523938,0.6186464,0.4122584,1.426433,0.4328839,0.2483126,1.53918,0.3727738,-0.04723428,1.509328,0.5190355,-0.2598674,1.399043,0.5683283,-0.3146491,1.379459,0.7579684,0.1975638,1.627385,0.8523698,-0.08227581,1.669837,0.8108292,0.03310467,1.455352,0.7967257,0.05432362,1.391936,0.4407736,-0.183874,1.780853,0.4035571,-0.517376,1.973351,0.2430121,-0.8417676,2.28832,0.2485575,-0.9176252,2.223069,0.58774,-0.210467,1.832676,0.5695582,-0.5407962,1.97483,0.5464991,-0.9141355,2.193664,0.57662,-0.9865528,2.148473,0.5657227,0.249902,1.566936,0.6333348,-0.406217,1.347667,0.5390634,-0.3419126,1.442857,0.7663543,0.05980881,1.344917,0.7767757,0.05477929,1.4055,
0.5119135,-0.1973875,1.849911,0.5353107,0.06299043,1.695928,0.5536946,0.3166283,1.531,0.6028526,0.4183611,1.433921,0.4194659,0.2492507,1.545527,0.3455155,-0.03787928,1.52408,0.4566503,-0.2392556,1.450192,0.5256203,-0.2957907,1.417914,0.7457213,0.201737,1.63964,0.8132087,-0.0137782,1.712908,0.8126591,0.02907273,1.459835,0.7966816,0.05435281,1.408051,0.4295217,-0.1831299,1.790177,0.3483538,-0.487346,1.977332,0.2304164,-0.8259063,2.299531,0.2431007,-0.9011484,2.234533,0.575734,-0.2042318,1.844016,0.5624984,-0.5423837,1.979867,0.5453956,-0.9118463,2.19425,0.5753534,-0.9845557,2.150136,0.5502333,0.2545468,1.574439,0.5720315,-0.3680607,1.399209,0.5183245,-0.3399712,1.447375,0.7890377,0.01199443,1.344845,0.7606032,0.06663345,1.40825,
0.4395284,-0.1861432,1.889793,0.4674034,0.078563,1.727907,0.4909489,0.3349386,1.553712,0.5483162,0.4379546,1.457462,0.3645592,0.2524963,1.567406,0.2692959,-0.003584378,1.582861,0.3597621,-0.2230576,1.54405,0.4152201,-0.2935157,1.534307,0.6812912,0.2246705,1.686911,0.7680339,-0.01255165,1.801352,0.7636464,0.01362213,1.47142,0.7853504,0.04381929,1.392342,0.3618931,-0.1725531,1.823821,0.3145148,-0.4858643,2.031252,0.2230741,-0.8202627,2.308835,0.2365487,-0.8978103,2.242899,0.5015092,-0.1931477,1.889068,0.528656,-0.5662413,2.015383,0.5425096,-0.905631,2.195249,0.5757692,-0.9838595,2.150154,0.485278,0.2723974,1.599549,0.4830058,-0.3890178,1.558083,0.4012976,-0.3288647,1.555,0.7593637,0.01551791,1.332925,0.7496282,0.01546734,1.329,
0.4217802,-0.1752705,1.903481,0.4549627,0.08561269,1.734166,0.4816745,0.3396139,1.555233,0.5372277,0.4437414,1.461341,0.3556869,0.2532143,1.570621,0.261103,-0.004437182,1.588519,0.3344418,-0.2319286,1.572126,0.3873731,-0.3089113,1.573843,0.6785808,0.2257944,1.687896,0.7533965,-0.006343207,1.821725,0.7752295,0.06942214,1.518467,0.7858875,0.09188025,1.353512,0.3434509,-0.1601994,1.836197,0.2936988,-0.4945124,2.043811,0.2225688,-0.8206846,2.310183,0.2345048,-0.8965006,2.24596,0.4849865,-0.1840407,1.903939,0.5265621,-0.5530885,2.015937,0.5419137,-0.9050055,2.195658,0.5751879,-0.9832929,2.149931,0.4759265,0.277333,1.601907,0.4360229,-0.3891989,1.599811,0.365699,-0.333994,1.592889,0.8100193,0.1888203,1.289567,0.7604371,0.04223106,1.362,
0.3980325,-0.1595539,1.912558,0.434837,0.09645677,1.742038,0.4667339,0.3452911,1.560254,0.5236526,0.4476493,1.467299,0.33793,0.2565664,1.577496,0.2453716,-0.002021849,1.601058,0.3040265,-0.2333522,1.605109,0.3538007,-0.3170945,1.614641,0.6540186,0.2390872,1.701855,0.7309794,0.00061877,1.848288,0.7975402,-0.2270752,1.820392,0.8032017,-0.2637316,1.812005,0.3245406,-0.1534001,1.845423,0.284502,-0.4958428,2.047831,0.2222157,-0.8206898,2.311635,0.2343125,-0.8963941,2.247168,0.4559067,-0.157077,1.91245,0.5253114,-0.5499581,2.019427,0.5382908,-0.916979,2.210634,0.5751098,-0.983144,2.149653,0.4596773,0.2842664,1.607663,0.3994923,-0.4006482,1.649116,0.3348434,-0.3529638,1.638667,0.8098403,-0.3167611,1.791494,0.7949657,-0.2716681,1.844944,
0.4466494,-0.1628628,1.866438,0.4389558,0.09845418,1.7354,0.4500863,0.3527425,1.567479,0.5113647,0.4553767,1.472194,0.3284972,0.2608449,1.583367,0.2326446,0.001644726,1.612196,0.2798036,-0.230634,1.632926,0.3189439,-0.3224679,1.653109,0.6427938,0.2429788,1.707922,0.7164357,0.009023123,1.866308,0.7766384,-0.2211545,1.849217,0.7776808,-0.2593062,1.854893,0.3549608,-0.1515254,1.797435,0.2718371,-0.5013431,2.058861,0.2223178,-0.8204163,2.312196,0.2329182,-0.8966814,2.248199,0.5221804,-0.168367,1.868754,0.5204242,-0.5195186,2.024907,0.5365049,-0.9110466,2.21041,0.5748981,-0.9826192,2.149958,0.4523678,0.288576,1.609591,0.3611374,-0.4212655,1.704457,0.3046226,-0.3629503,1.654341,0.7796677,-0.3133114,1.826423,0.7628968,-0.2592269,1.88636,
0.4522286,-0.1608684,1.877482,0.4409364,0.09998661,1.736105,0.4436991,0.3560539,1.570999,0.4952078,0.4662118,1.478875,0.314974,0.2690654,1.590465,0.2249168,-0.001446329,1.627976,0.2520595,-0.2400626,1.671162,0.2793916,-0.3161967,1.684618,0.6277718,0.2525194,1.713867,0.7024181,0.0174607,1.879604,0.7569857,-0.2141194,1.878705,0.7521189,-0.2539915,1.890862,0.3671953,-0.1537439,1.813424,0.2570764,-0.5099763,2.078517,0.2222344,-0.8201395,2.31266,0.2326452,-0.896874,2.248353,0.5234569,-0.1634078,1.877157,0.4971153,-0.5013252,2.03151,0.5152755,-0.8778872,2.238918,0.5611194,-0.9525132,2.177562,0.4468689,0.29241,1.613212,0.303813,-0.4066304,1.712334,0.2618421,-0.351856,1.681579,0.7530047,-0.3141978,1.884289,0.7352326,-0.2433833,1.922,
0.4479836,-0.1572609,1.888229,0.4373294,0.1064559,1.742185,0.4253467,0.3694878,1.583578,0.4797239,0.4791765,1.489687,0.3033029,0.2760737,1.598171,0.2178229,0.003943092,1.64114,0.2174065,-0.2252624,1.698369,0.2414234,-0.3111187,1.721153,0.6168402,0.2603315,1.721404,0.6895189,0.02358207,1.89186,0.7342224,-0.2077518,1.916399,0.7284127,-0.2501023,1.924435,0.3642758,-0.1518574,1.823156,0.2564553,-0.5136277,2.082525,0.2280962,-0.8003807,2.296408,0.2325438,-0.8967173,2.248657,0.5167415,-0.1574544,1.88768,0.4933092,-0.4785972,2.031598,0.4838481,-0.8538496,2.272972,0.5493164,-0.9301758,2.230469,0.4297078,0.3056029,1.625696,0.2571859,-0.405554,1.764967,0.2192379,-0.3425293,1.725333,0.7323318,-0.3060598,1.917118,0.6951783,-0.2574313,1.94128,
0.4389655,-0.1498333,1.898751,0.4284974,0.1169694,1.751083,0.4162321,0.3778878,1.590376,0.4717347,0.4865442,1.496909,0.2940049,0.282057,1.604739,0.2032077,0.01538271,1.656291,0.2031721,-0.2129917,1.716359,0.2019246,-0.294283,1.755558,0.6072227,0.2671177,1.727037,0.6773884,0.03490289,1.901548,0.7219759,-0.1951425,1.933999,0.7102708,-0.2401697,1.953477,0.3559805,-0.1450877,1.836111,0.2586688,-0.5142842,2.089767,0.2274148,-0.8035743,2.300086,0.2320811,-0.8966731,2.250393,0.506615,-0.1492934,1.895487,0.4895208,-0.4730047,2.037885,0.4696269,-0.8400289,2.310966,0.5263672,-0.9038086,2.273438,0.4202812,0.3142521,1.632776,0.2166706,-0.3951441,1.808035,0.1699271,-0.3141154,1.799,0.7068321,-0.2962689,1.953306,0.6922556,-0.2299884,1.971362,
0.4243893,-0.1448585,1.90524,0.4185354,0.124377,1.75689,0.4087862,0.3864767,1.596394,0.4660836,0.4926729,1.502969,0.2854868,0.2864547,1.609038,0.1951423,0.03639103,1.662958,0.1790428,-0.1960674,1.739959,0.1717292,-0.2790521,1.782888,0.5986157,0.2742708,1.730642,0.6720523,0.03876733,1.906826,0.7027327,-0.1900122,1.955879,0.6925387,-0.2338135,1.973449,0.3430362,-0.1419782,1.842361,0.2681131,-0.462651,2.047137,0.2210446,-0.8245265,2.317011,0.2334328,-0.899437,2.250707,0.490656,-0.1424458,1.901528,0.4830006,-0.4634757,2.044221,0.4362284,-0.8115877,2.343707,0.5024414,-0.8823242,2.316406,0.4120536,0.3224616,1.638656,0.1703568,-0.3796867,1.831662,0.1243704,-0.2170348,1.760091,0.6908316,-0.2911122,1.974483,0.6720846,-0.2412023,2.007,
0.4113908,-0.1411467,1.910732,0.410848,0.1292552,1.762114,0.4050165,0.3916744,1.601558,0.4583119,0.5028683,1.515939,0.2782591,0.2920606,1.616774,0.1874658,0.0439968,1.676163,0.1593475,-0.1717878,1.764492,0.1504191,-0.2609176,1.814343,0.5918197,0.2812106,1.737795,0.6628534,0.04491437,1.916173,0.6943097,-0.1824138,1.970104,0.6799973,-0.2268048,1.999649,0.3284551,-0.1389325,1.849743,0.2666751,-0.4621181,2.050203,0.2207284,-0.8247777,2.318177,0.2325656,-0.899699,2.251654,0.4795589,-0.1384118,1.905059,0.4741476,-0.4475202,2.055941,0.4227791,-0.7829861,2.364078,0.4748535,-0.855957,2.361328,0.4073398,0.3275229,1.643764,0.1562313,-0.356104,1.859899,0.1124962,-0.2495215,1.816545,0.6830528,-0.2912771,2.003391,0.6446133,-0.2279963,2.018957,
0.4034939,-0.138903,1.915512,0.4029496,0.1357303,1.770697,0.3982832,0.4034672,1.615354,0.4531721,0.5105083,1.525724,0.273426,0.2949983,1.622345,0.1765051,0.04919642,1.691089,0.1422817,-0.1655967,1.789354,0.1329754,-0.248763,1.841682,0.5863451,0.29358,1.743392,0.656817,0.04891073,1.922231,0.6785795,-0.1743002,1.992643,0.6670721,-0.219158,2.01684,0.3212755,-0.1389662,1.855127,0.2555275,-0.4746718,2.068657,0.2205668,-0.8250186,2.318619,0.2319823,-0.8999239,2.251883,0.4709176,-0.1336836,1.909132,0.4665744,-0.4343222,2.066909,0.3866492,-0.7638981,2.416372,0.4526367,-0.8310547,2.400391,0.4000971,0.337839,1.656104,0.1361739,-0.3371314,1.899193,0.09108686,-0.254223,1.8725,0.6688007,-0.290163,2.027583,0.6289948,-0.2258795,2.032227,
0.3937528,-0.1353744,1.919266,0.3970324,0.140503,1.777071,0.3958628,0.4088748,1.624231,0.4487687,0.5176601,1.53751,0.2692272,0.2997644,1.630028,0.1673125,0.05357582,1.706898,0.130218,-0.1617174,1.81566,0.1182165,-0.2400439,1.870738,0.5831662,0.3007289,1.748897,0.6498025,0.0535077,1.928548,0.6682307,-0.1662009,2.008746,0.654822,-0.211867,2.032279,0.3120253,-0.1362315,1.859749,0.2540973,-0.478069,2.076961,0.2203952,-0.8245901,2.319054,0.2316057,-0.8997893,2.252939,0.4614143,-0.1296756,1.9117,0.4620697,-0.4238724,2.075968,0.3792811,-0.7581788,2.421654,0.4333907,-0.820057,2.423957,0.3967742,0.3431382,1.664358,0.120003,-0.3238394,1.932934,0.08817487,-0.2842039,1.873536,0.651503,-0.281651,2.042211,0.6182759,-0.2183225,2.048526,
0.3836773,-0.1196487,1.928306,0.391291,0.1564521,1.792434,0.395387,0.4259248,1.648664,0.4447093,0.5374418,1.565897,0.2622678,0.3150306,1.657186,0.1409786,0.07533206,1.76389,0.09844702,-0.1529202,1.881487,0.09095575,-0.20895,1.919222,0.5792409,0.3115105,1.7643,0.6324514,0.06016195,1.947439,0.6171485,-0.1435094,2.060395,0.6234796,-0.2020383,2.069489,0.3001522,-0.1164368,1.871033,0.2570404,-0.4707088,2.075839,0.2195107,-0.8231261,2.318147,0.2311755,-0.8987887,2.253361,0.4534671,-0.1178808,1.918532,0.4422186,-0.3841353,2.11348,0.366058,-0.7286478,2.451055,0.407883,-0.8025376,2.455344,0.394716,0.3599007,1.686117,0.09374775,-0.2888211,1.98353,0.05559306,-0.2156539,1.90922,0.6266769,-0.2739275,2.088284,0.5184247,-0.2408389,2.005938,
0.3786646,-0.1139254,1.931912,0.3894388,0.1619897,1.799152,0.3968569,0.4299885,1.656909,0.4469901,0.5416374,1.574912,0.2624803,0.318915,1.664894,0.1402738,0.07834267,1.768384,0.09697743,-0.1526744,1.886571,0.08831506,-0.2030879,1.930226,0.5797031,0.3159828,1.773337,0.6286629,0.0612075,1.953506,0.6276422,-0.138423,2.073157,0.6182249,-0.1991217,2.079333,0.2958167,-0.1108651,1.874457,0.2591503,-0.4676056,2.075486,0.2194615,-0.8205784,2.317815,0.2311144,-0.8970831,2.254046,0.4482137,-0.1127262,1.922014,0.4399435,-0.3768768,2.11936,0.3630596,-0.7256072,2.45268,0.3995191,-0.8008361,2.461493,0.3954628,0.3644547,1.694289,0.09003859,-0.2819223,1.986514,0.04800165,-0.2298885,1.920375,0.6181322,-0.2746786,2.099569,0.5205562,-0.2150321,2.015083,
0.3769899,-0.1082878,1.937863,0.3896851,0.1669531,1.80644,0.3988335,0.4333411,1.664037,0.4503917,0.5452502,1.583803,0.2640975,0.3222052,1.673304,0.1402916,0.08209337,1.77628,0.09686901,-0.151004,1.894219,0.0907115,-0.2018459,1.938732,0.5813988,0.3196736,1.781342,0.626174,0.06358093,1.960995,0.6071656,-0.1349272,2.081544,0.6077967,-0.1977364,2.084639,0.2941807,-0.1052855,1.880689,0.2593482,-0.4696199,2.080158,0.2197053,-0.8205886,2.317731,0.2314369,-0.897723,2.253504,0.4465966,-0.1074099,1.927568,0.4380307,-0.3699363,2.126792,0.3597167,-0.7240214,2.454437,0.3990309,-0.7982986,2.467762,0.397099,0.3682299,1.701592,0.09178862,-0.2832572,1.999978,0.0512099,-0.2058978,1.935846,0.6098592,-0.2689675,2.100258,0.5091065,-0.2187259,2.020727,
0.3764843,-0.1039259,1.944679,0.3913636,0.1713436,1.814798,0.4029264,0.4374415,1.673649,0.4545354,0.5489984,1.59392,0.266405,0.3277579,1.684268,0.1430622,0.08571576,1.785082,0.09761571,-0.1507036,1.899145,0.09293702,-0.201751,1.942516,0.58413,0.3220474,1.792149,0.6246765,0.06425809,1.969126,0.6161302,-0.1325463,2.092877,0.6074332,-0.196658,2.090943,0.2935812,-0.1007611,1.888099,0.260265,-0.4693219,2.08315,0.2198606,-0.8205385,2.317781,0.2314994,-0.8979514,2.253392,0.4462219,-0.1034186,1.933786,0.4362296,-0.3656278,2.133446,0.3588621,-0.7218484,2.459107,0.3986261,-0.7985654,2.467448,0.4006004,0.3724142,1.71093,0.09516728,-0.2801707,2.001871,0.05378509,-0.2291456,1.930583,0.6028203,-0.2682791,2.110335,0.5139486,-0.1988219,2.025067,
0.3769539,-0.09876323,1.955629,0.3936144,0.1752508,1.823172,0.4063071,0.4402423,1.679627,0.4597288,0.553319,1.604111,0.2702505,0.3318111,1.69203,0.1457764,0.08809905,1.79156,0.110041,-0.1183945,1.895695,0.1004587,-0.2025715,1.944489,0.5863658,0.3248561,1.799824,0.6245313,0.06719718,1.976078,0.6139884,-0.1347758,2.09204,0.6011592,-0.196108,2.094742,0.2940131,-0.09549314,1.899046,0.2603519,-0.4712765,2.090403,0.2203163,-0.8206027,2.317858,0.2319433,-0.898817,2.25253,0.446773,-0.09859394,1.944706,0.4370288,-0.3623114,2.167986,0.3555333,-0.7319686,2.478164,0.4013553,-0.797119,2.47399,0.4037617,0.3754611,1.717475,0.09997252,-0.2795615,1.998813,0.06133164,-0.2212133,1.936176,0.599236,-0.2686347,2.111132,0.5063505,-0.2027736,2.035858,
0.3788286,-0.0920413,1.970002,0.3969349,0.1805892,1.833693,0.4106342,0.4442786,1.686612,0.4657983,0.5564058,1.610689,0.2745512,0.3366726,1.699486,0.1487113,0.09064347,1.797749,0.1110177,-0.1186617,1.896249,0.1080014,-0.1941658,1.937214,0.5894875,0.3275834,1.808476,0.6260979,0.07010861,1.984455,0.6120389,-0.1366178,2.092454,0.5988216,-0.1954108,2.097668,0.295673,-0.08964184,1.912462,0.2603022,-0.4703352,2.097898,0.2204092,-0.8205332,2.317796,0.2320644,-0.8991373,2.2523,0.4488982,-0.09123385,1.960057,0.4369518,-0.3619092,2.177444,0.3548478,-0.7351879,2.483333,0.405142,-0.7971783,2.478975,0.4078875,0.3798011,1.725299,0.1094781,-0.2802965,2.000082,0.07472104,-0.2312361,1.929037,0.5918033,-0.2599083,2.112262,0.5007543,-0.2179914,2.060217,
0.3795471,-0.08901633,1.982867,0.3999628,0.1838326,1.843462,0.4158217,0.4476678,1.693579,0.4706902,0.5591322,1.61672,0.2789697,0.3406605,1.705247,0.1528238,0.09504195,1.802394,0.1182512,-0.1176125,1.895526,0.1199197,-0.1890148,1.928278,0.5931203,0.3313456,1.817576,0.6248817,0.07538257,1.991805,0.5963556,-0.1281955,2.103064,0.5923073,-0.1915041,2.098487,0.2973627,-0.08676754,1.925439,0.259771,-0.4711131,2.105648,0.2206728,-0.8205828,2.317854,0.2322432,-0.8996511,2.251778,0.4487103,-0.08820111,1.972818,0.4351894,-0.3624848,2.189115,0.353842,-0.7400157,2.488449,0.408001,-0.7992226,2.483141,0.4125399,0.3831499,1.73294,0.1218709,-0.2780633,1.983472,0.08644766,-0.2331411,1.920039,0.5918701,-0.2628818,2.115468,0.4902376,-0.1975485,2.042868,
0.3809056,-0.0865804,1.993251,0.4027069,0.1865917,1.85104,0.4198644,0.450636,1.698453,0.4774657,0.5621117,1.623452,0.2818294,0.3444649,1.709674,0.1561221,0.09724111,1.805283,0.1219007,-0.1180616,1.89314,0.1309358,-0.2057397,1.924697,0.5956105,0.3328842,1.823706,0.6251824,0.07849906,1.998056,0.6057121,-0.1284278,2.105198,0.5958486,-0.189911,2.102311,0.2994395,-0.08438338,1.936536,0.2578527,-0.4702491,2.110988,0.2207751,-0.8205659,2.317888,0.232363,-0.9000695,2.25103,0.4494114,-0.08583196,1.982488,0.4274446,-0.3728369,2.212307,0.3542603,-0.7399921,2.49057,0.4080876,-0.8002217,2.483266,0.4162694,0.3860707,1.738472,0.1390646,-0.2815398,1.972853,0.09407034,-0.2049108,1.911414,0.5870836,-0.255229,2.123325,0.4976215,-0.1897165,2.055195,
0.3765239,-0.08649687,1.996901,0.4019645,0.1882123,1.854861,0.4231824,0.4548193,1.703923,0.4810627,0.5640276,1.627409,0.2846362,0.3486364,1.714393,0.1580694,0.0994608,1.806931,0.1280286,-0.1193775,1.888353,0.140963,-0.2034739,1.909093,0.5964142,0.333859,1.825994,0.6275855,0.08473606,2.005284,0.6073401,-0.1270443,2.103613,0.5966842,-0.185441,2.104916,0.2963638,-0.0836667,1.939337,0.2571405,-0.4670677,2.114124,0.2208088,-0.8206297,2.317916,0.2323441,-0.900202,2.250526,0.4435703,-0.08660412,1.987121,0.4251911,-0.3737755,2.217067,0.3540059,-0.7399878,2.490589,0.4077793,-0.8002692,2.483274,0.4183116,0.3894418,1.743433,0.1499323,-0.2840406,1.953694,0.1052497,-0.2248986,1.889182,0.598272,-0.2597993,2.125579,0.4977733,-0.1801177,2.05687,
0.3752771,-0.08466569,2.001406,0.4024315,0.1911371,1.860177,0.4255547,0.4583009,1.708706,0.4836521,0.5657645,1.631963,0.2872611,0.3530692,1.719219,0.1602481,0.1009216,1.808878,0.1362445,-0.1219954,1.88215,0.1533791,-0.2062527,1.898138,0.599062,0.3361921,1.833865,0.6293428,0.08954267,2.008821,0.6008939,-0.1212611,2.107551,0.6139342,-0.1773915,2.109903,0.2955992,-0.08028751,1.943502,0.2565683,-0.4635856,2.116901,0.2206872,-0.8206362,2.318352,0.2322619,-0.9002639,2.25012,0.4418989,-0.08618303,1.992236,0.4159428,-0.3824635,2.235279,0.3533462,-0.7400432,2.491131,0.407705,-0.7999835,2.483404,0.4203171,0.3928973,1.748496,0.1646683,-0.2903205,1.941211,0.1211981,-0.2266265,1.881,0.5992643,-0.2621545,2.130063,0.5871575,-0.1928873,2.139267,
0.3753155,-0.08244891,2.00497,0.4030609,0.194195,1.864944,0.4267933,0.4617723,1.71386,0.4859827,0.5697915,1.637982,0.289315,0.356706,1.723746,0.1624541,0.1034267,1.811022,0.1430387,-0.1230975,1.875656,0.1598927,-0.1869324,1.879053,0.5992892,0.3366166,1.834534,0.6310377,0.09432187,2.012929,0.6195427,-0.1160494,2.114898,0.6079543,-0.1775609,2.115046,0.2953259,-0.07743154,1.946733,0.2559432,-0.4612175,2.120576,0.2206971,-0.8203907,2.319133,0.2320383,-0.9003096,2.249967,0.4423389,-0.08465815,1.995993,0.4131444,-0.3856871,2.246475,0.3525574,-0.74025,2.491984,0.4069934,-0.8003612,2.483594,0.4214586,0.3963256,1.753626,0.1772424,-0.2879838,1.92376,0.1330604,-0.2301171,1.869133,0.6072301,-0.252844,2.130742,0.5062808,-0.1594228,2.065742,
0.3758627,-0.0793309,2.00796,0.4038262,0.197576,1.869026,0.4277364,0.4651754,1.71881,0.4878525,0.571301,1.642628,0.2902918,0.3599161,1.7277,0.1637825,0.1061502,1.812436,0.1497464,-0.1235139,1.868545,0.1675351,-0.1856201,1.866221,0.6016875,0.3398562,1.843461,0.6311825,0.09579686,2.016663,0.599818,-0.1100864,2.123628,0.5993844,-0.1740942,2.116792,0.2957228,-0.07369417,1.949553,0.2551592,-0.4585299,2.123649,0.2189175,-0.8161311,2.324947,0.2288457,-0.8959566,2.253484,0.443079,-0.08222985,1.999024,0.4119961,-0.384097,2.247277,0.3498123,-0.7379982,2.493285,0.4049316,-0.7980604,2.483433,0.4223881,0.3997475,1.75837,0.1912486,-0.2869785,1.912708,0.1412003,-0.2259575,1.853059,0.5992126,-0.244718,2.139351,0.4911208,-0.1717236,2.065687,
0.3851529,-0.07246464,2.02019,0.4072365,0.201675,1.876776,0.4276479,0.4674177,1.723293,0.4877711,0.573314,1.646277,0.290377,0.3623538,1.731316,0.1650543,0.11119,1.814436,0.1556685,-0.1212752,1.861409,0.1758544,-0.1849691,1.857159,0.602501,0.3416744,1.848413,0.6318637,0.09741351,2.020567,0.6086,-0.1103239,2.125913,0.6231771,-0.1669411,2.127104,0.3022442,-0.07031925,1.961974,0.2553352,-0.4537611,2.126148,0.213204,-0.8085518,2.339718,0.2246309,-0.888023,2.26397,0.4557814,-0.0713281,2.011257,0.4113594,-0.3825358,2.248276,0.3463866,-0.7288438,2.49397,0.4009996,-0.7908021,2.484749,0.422998,0.4023651,1.763519,0.1972534,-0.2737155,1.88352,0.1512386,-0.2271268,1.842875,0.6023725,-0.2476906,2.156204,0.5744549,-0.2000701,2.142333,
0.3893878,-0.06939554,2.022459,0.4091265,0.2040815,1.879308,0.4272988,0.4691276,1.725622,0.4874257,0.5747304,1.649,0.2900229,0.3641892,1.734435,0.1654881,0.1156299,1.815351,0.1599736,-0.1187505,1.854921,0.1866854,-0.1958005,1.851174,0.6024171,0.3431926,1.851246,0.6320087,0.09867271,2.022651,0.6029935,-0.1068961,2.130678,0.6230777,-0.1608022,2.130647,0.3067699,-0.06663355,1.964547,0.255156,-0.4507068,2.128697,0.2041895,-0.7974116,2.357046,0.2168266,-0.8784914,2.281763,0.4591477,-0.06933421,2.013007,0.4110207,-0.3809133,2.248667,0.343139,-0.7281283,2.494699,0.3991172,-0.7900645,2.486461,0.4231927,0.4042206,1.765892,0.2094263,-0.2822646,1.887529,0.1645111,-0.2299007,1.8308,0.5895224,-0.2328474,2.158815,0.5797631,-0.1636681,2.142571,

